name,title,repo,synopsis,year,start_date,end_date,attribution_type,component_type,lang,cause,motive,transitive,insertion_phase,impact_type,impact_user_count,references,versions,commits,historical_artifacts,current_artifacts,domain,domain_type,artifact_type,hashes
AccessPress Themes (WordPress Ecosystem),AccessPress Themes/Plugins backdoored via vendor site compromise,,"The website of AccessPress Themes (also known as Access Keys), a vendor of numerous popular WordPress themes and plugins, was compromised. Attackers injected a backdoor into the downloadable zip files of dozens of their themes and plugins hosted on their site. This backdoor allowed attackers full control over websites that installed or updated these compromised extensions.",2021,2021-09-01,2022-01-17,Individual Hacker,Library,PHP,Compromised Infrastructure,Unauthorized Access/Control,false,distribution,Backdoor/Remote Code Execution,360000,https://www.wordfence.com/blog/2022/01/severe-vulnerabilities-in-accesspress-themes-and-plugins-allow-for-full-site-takeover/,Dozens of themes/plugins from AccessPress Themes/Access Keys (see references for specific lists),,"pkg:generic/accesspress-theme?repository_url=https://accesspressthemes.com, pkg:generic/accesspress-plugin?repository_url=https://accesspressthemes.com",https://www.wordfence.com/blog/2022/01/severe-vulnerabilities-in-accesspress-themes-and-plugins-allow-for-full-site-takeover/,accesspressthemes.com,project download host,source archive,sha256:0918af9a5c6060dec985b98bbf54030cd29f1701ca9fdb6abfc1e39f90e5113e
agama,Agama wallet compromised via malicious dependency backdoor,https://github.com/KomodoPlatform/Agama,"The Agama cryptocurrency wallet application inadvertently included a compromised version of the `electron-native-notify` NPM package (v1.1.6) as a dependency in its builds. This resulted in official Agama wallet releases containing a backdoor (reverse shell) inherited from the dependency, potentially allowing attackers remote access and theft of wallet seeds or private keys.",2018,2018-08-01,2018-08-13,Compromised Dependency,Application,Javascript,Malicious Dependency,Financial gain,true,dependency,Backdoor/Remote Code Execution,,"https://komodoplatform.com/vulnerability-discovered-in-komodos-agama-wallet-this-is-what-you-need-to-do/, https://github.com/eslint/eslint-scope/issues/39, https://blog.npmjs.org/post/185397814280/plot-to-steal-cryptocurrency-foiled-by-the-npm","0.3.3, 0.3.4",,"pkg:github/KomodoPlatform/Agama@v0.3.3, pkg:github/KomodoPlatform/Agama@v0.3.4","https://github.com/eslint/eslint-scope/issues/39, https://github.com/eslint/eslint-scope/issues/39#issuecomment-404461211, https://blog.npmjs.org/post/185397814280/plot-to-steal-cryptocurrency-foiled-by-the-npm",github.com,code host,binary archive,sha256:07f16d95f3c91dbd2ddf974d4b95d8dcec39b09b8906fa3b35e0a0da78fe8f76
ANIMAL,ANIMAL early trojan horse program replicates across mainframes,,"ANIMAL was one of the earliest documented examples of a self-replicating ""trojan horse"" program. Created by John Walker, it presented as a simple ""20 questions"" game guessing animals but secretly searched the system for other terminals and copies of itself. When run on a clean system, it would install a ""Trojan Horse"" version of itself in the user's account, gradually propagating throughout the system.",1975,1975-01-01,1976-01-01,Author,Game,Assembly,Sabotage,Experimentation/Notoriety,false,source,Benign/Proof of Concept,25,"https://www.fourmilab.ch/documents/univac/animal.html, https://www.fourmilab.ch/documents/univac/animalsrc.html",1975 UNIVAC 1100 Series Version,Original code had no version control system,https://www.fourmilab.ch/documents/univac/animalsrc.html,"https://www.fourmilab.ch/documents/univac/animalsrc.html, https://www.fourmilab.ch/documents/univac/animal.html",fourmilab.ch,project download host,source archive,md5:45ad4d25c049b3dc75efc0a725bb8a4f
Better MC (Modpack Series),Better MC modpacks compromised with Fracturiser malware,,"The CurseForge account for 'Luna Pixel Studios', creators of the very popular 'Better MC' modpack series, was compromised. Attackers uploaded malicious versions of the modpacks (e.g., BMC3 for Forge 1.19.2). These modpacks either directly contained or pulled in dependencies infected with the 'Fracturiser' malware, leading to credential theft (Discord, Microsoft, Minecraft) and further malware propagation on users' systems.",2023,2023-06-01,2023-06-08,Cybercriminal Gang,Game,Java,Compromised Account/Credentials,Credential Theft,false,distribution,Data Exfiltration,,"https://support.curseforge.com/en/support/solutions/articles/9000228509-june-2023-infected-mods-detection-tool-and-report, https://www.bleepingcomputer.com/news/security/new-fractureiser-malware-used-curseforge-minecraft-mods-to-infect-windows-linux/, https://www.reddit.com/r/feedthebeast/comments/142zxka/some_curseforge_accounts_might_be/, https://github.com/fractureiser-investigation/fractureiser, https://raw.githubusercontent.com/fractureiser-investigation/fractureiser/main/docs/tech.md","Better MC [Forge] - BMC3 v18, Better MC [Forge] - BMC2 v7, Better MC [FABRIC] v10",,"https://www.curseforge.com/minecraft/modpacks/better-mc-forge/files/4477460, https://www.curseforge.com/minecraft/modpacks/better-mc-forge","https://github.com/fractureiser-investigation/fractureiser, https://github.com/clrxbl/NekoClient, https://gist.githubusercontent.com/NotNite/79ab1e5501e1ef109e8030059356b1b8/raw/c2102bf5ff74275ac44c2200d5121bfff652fd49/hook.dll.c, https://gist.github.com/Darkhax/d7f6d1b5bfb51c3c74d3bd1609cab51f, https://hackmd.io/5gqXVri5S4ewZcGaCbsJdQ",curseforge.com,package host,source archive,"sha1:dc43c4685c3f47808ac207d1667cc1eb915b2d82, sha1:52d08736543a240b0cbbbf2da03691ae525bb119, sha1:6ec85c8112c25abe4a71998eb32480d266408863, sha1:c2d0c87a1fe99e3c44a52c48d8bcf65a67b3e9a5, sha1:e299bf5a025f5c3fff45d017c3c2f467fa599915"
bootstrap-sass,bootstrap-sass gem backdoor enabled RCE.,https://github.com/twbs/bootstrap-sass,"A popular Ruby gem, bootstrap-sass, had a malicious version (3.2.0.3) published on RubyGems.org after a likely maintainer account compromise. The backdoor allowed remote command execution on Rails applications in production environments.",2019,2019-03-26,2019-03-26,Individual Hacker,Library,Ruby,Compromised Account/Credentials,Unauthorized Access/Control,false,distribution,Backdoor/Remote Code Execution,1477,"https://github.com/twbs/bootstrap-sass/issues/1195, https://www.zdnet.com/article/backdoor-code-found-in-popular-bootstrap-sass-ruby-library/, https://www.ironin.it/blog/malicious-backdoor-code-found-in-the-bootstrap-sass-ruby-gem.html, https://cyberscoop.com/bootstrap-sass-infected-snyk-rubygems/",3.2.0.3,,https://rubygems.org/gems/bootstrap-sass/versions/3.2.0.3,https://www.ironin.it/blog/malicious-backdoor-code-found-in-the-bootstrap-sass-ruby-gem.html,rubygems.org,package host,source archive,sha256:366d6162fe36fc81dadc114558b43c6c8890c8bcc7e90e2949ae6344d0785dc0
Classic Shell,Classic Shell compromised on FossHub,https://github.com/coddec/Classic-Shell,"The FossHub distribution platform was compromised, and downloads for Classic Shell were replaced with a destructive application. The malicious installer would rewrite the master boot record causing boot failures.",2016,2016-08-02,2016-08-03,Individual Hacker,Application,C++,Compromised Infrastructure,Disruption/Protest,false,distribution,Service Disruption/Data Destruction,10000,"https://www.ghacks.net/2016/08/03/attention-fosshub-downloads-compromised/, https://web.archive.org/web/20160803032356/http://www.classicshell.net/forum/viewtopic.php?f=12&t=6434, https://www.bleepingcomputer.com/news/security/classicshell-and-fosshub-hacked-mbr-wiper-installed-instead-of-app/, https://thehackernews.com/2016/08/FossHub-malware.html, https://arstechnica.com/information-technology/2016/08/malicious-classic-shell-installer-deliberately-trashes-windows-pcs/",,,https://www.fosshub.com/Classic-Shell.html,"https://www.bleepingcomputer.com/news/security/classicshell-and-fosshub-hacked-mbr-wiper-installed-instead-of-app/, https://github.com/hfiref0x/Misc/tree/master/FossHub%20Malware%20Aug%202016",fosshub.com,package host,binary archive,"sha256:ccbb6cd10c0b0cfb68cf7c4203c9e9b75eb28b9a69a639e2c11a69d623456fa7, md5:55a76272c2e42285ad4414e328b88e16"
coa,coa NPM package maintainer hijack distributes malware,https://github.com/veged/coa,Attacker compromised maintainer credentials for the 'coa' command-line argument parser library. Malicious versions were published containing password-stealing malware targeting Windows systems. This impacted downstream projects like 'rc'.,2021,2021-11-04,2021-11-04,Individual Hacker,Library,Javascript,Compromised Account/Credentials,Credential Theft,false,distribution,Data Exfiltration,,"https://github.com/advisories/GHSA-73qr-pfmq-6rp8, https://github.com/veged/coa/issues/99, https://therecord.media/malware-found-in-coa-and-rc-two-npm-packages-with-23m-weekly-downloads/","2.0.3, 2.0.4, 2.1.1, 2.1.3, 3.0.1, 3.1.3",,"https://registry.npmjs.org/coa/-/coa-2.0.3.tgz, https://registry.npmjs.org/coa/-/coa-2.0.4.tgz, https://registry.npmjs.org/coa/-/coa-2.1.1.tgz, https://registry.npmjs.org/coa/-/coa-2.1.3.tgz, https://registry.npmjs.org/coa/-/coa-3.0.1.tgz, https://registry.npmjs.org/coa/-/coa-3.1.3.tgz","https://socket.dev/npm/package/coa/versions, https://github.com/veged/coa/issues/99",npmjs.org,package host,source archive,"sha256:cd2adb9c16e3c5373f77c4288ab017be03c3a7f8320a2506e9129a402c0c69d6, sha256:dc7a59c2d600db8f748f0a722e363527e3332a0fd7ffd7d24342a7de6125e9e0"
Unix C Compiler (Bell Labs Experiment),Ken Thompson implements compiler backdoor demo,,"In his 1983 Turing Award lecture (published 1984), Ken Thompson described an experiment he likely implemented years earlier at Bell Labs. He modified the Unix C compiler (`cc`) binary to insert a backdoor into the `login` program during compilation. The compiler was also modified to recognize its own source code and inject both the `login` backdoor logic and the self-replicating compiler modification into any newly compiled compiler binary, even from clean source. This practical demonstration highlighted the fundamental vulnerability of trusting software built with potentially compromised toolchains.",1983,1983-07-01,1983-08-01,Author,Compiler,C / Assembly,Sabotage,Experimentation/Notoriety,true,build automation,Benign/Proof of Concept,,"https://www.cs.cmu.edu/~rdriley/487/papers/Thompson_1984_ReflectionsonTrustingTrust.pdf, https://niconiconi.neocities.org/posts/ken-thompson-really-did-launch-his-trusting-trust-trojan-attack-in-real-life/, https://dl.acm.org/doi/10.1145/358198.358210",Early Unix versions (Bell Labs internal),,"unix:/usr/bin/cc, unix:/bin/login","https://www.cs.cmu.edu/~rdriley/487/papers/Thompson_1984_ReflectionsonTrustingTrust.pdf, https://wiki.c2.com/?TheKenThompsonHack",,,binary archive,
ctx,ctx NPM package maintainer hijack steals credentials,https://github.com/rreverser/ctx,"Attacker gained access to the maintainer's account for 'ctx', a utility library. They published a malicious version designed to steal environment variables and `.npmrc` credentials upon installation. The malicious code was hidden in a test file.",2022,2022-05-18,2022-05-18,Individual Hacker,Library,Javascript,Compromised Account/Credentials,Credential Theft,false,distribution,Data Exfiltration,,https://thehackernews.com/2022/05/pypi-package-ctx-and-php-library-phpass.html,0.1.2,,https://registry.npmjs.org/ctx/-/ctx-0.1.2.tgz,"https://socket.dev/npm/package/ctx/versions, https://thehackernews.com/2022/05/pypi-package-ctx-and-php-library-phpass.html",npmjs.org,package host,source archive,sha256:195f077e7e3390951309a5e8fa0f02f16110d41915fc569097e6c90dfb76755e
electron-native-notify,electron-native-notify NPM package adds remote backdoor,https://github.com/calvinwyoung/electron-native-notify,"The 'electron-native-notify' package was compromised to include malicious code. This code opened a reverse shell back to the attacker's server. It was used as a dependency in other applications, such as the Agama cryptocurrency wallet, leading to transitive compromises.",2018,2018-08-01,,Individual Hacker,Library,Javascript,Compromised Account/Credentials,Unauthorized Access/Control,true,distribution,Backdoor/Remote Code Execution,,"https://github.com/advisories/GHSA-j8qr-rvcv-crhv, https://blog.npmjs.org/post/185397814280/plot-to-steal-cryptocurrency-foiled-by-the-npm, https://www.npmjs.com/advisories/927, https://github.com/eslint/eslint-scope/issues/39",1.1.6,,https://registry.npmjs.org/electron-native-notify/-/electron-native-notify-1.1.6.tgz,"https://blog.npmjs.org/post/185397814280/plot-to-steal-cryptocurrency-foiled-by-the-npm, https://github.com/advisories/GHSA-j8qr-rvcv-crhv",npmjs.org,package host,source archive,sha256:07f16d95f3c91dbd2ddf974d4b95d8dcec39b09b8906fa3b35e0a0da78fe8f76
eslint,eslint-scope/config-eslint NPM compromise steals NPM tokens,https://github.com/eslint/eslint-scope,Attacker compromised the NPM account of an ESLint maintainer. Malicious versions of 'eslint-scope' and 'eslint-config-eslint' were published. The malicious code attempted to steal NPM authentication tokens from users' `.npmrc` files.,2018,2018-07-12,2018-07-12,Individual Hacker,Library,Javascript,Compromised Account/Credentials,Credential Theft,false,distribution,Data Exfiltration,4500,"https://eslint.org/blog/2018/07/postmortem-for-malicious-package-publishes/, https://github.com/eslint/eslint-scope/issues/39, https://blog.npmjs.org/post/185397814280/plot-to-steal-cryptocurrency-foiled-by-the-npm","eslint-scope@3.7.2, eslint-config-eslint@5.0.2",,"https://registry.npmjs.org/eslint-scope/-/eslint-scope-3.7.2.tgz, https://registry.npmjs.org/eslint-config-eslint/-/eslint-config-eslint-5.0.2.tgz","https://github.com/eslint/eslint-scope/issues/39, https://eslint.org/blog/2018/07/postmortem-for-malicious-package-publishes/, https://snyk.io/vuln/npm:eslint-scope:20180712",npmjs.org,package host,source archive,"sha256:ecdf72a1e1a4cfb67e220c827b2a7613cf8b0280cac0936879a2c12398897ce4, sha256:b208f83f1e4e3a3273d59acf970cb9678e8b46554bee2b2034675038b25ac15c"
event-stream,event-stream dependency steals Bitcoin wallets.,https://github.com/dominictarr/event-stream,"The 'event-stream' npm package maintainership was transferred via social engineering to an attacker who then added 'flatmap-stream@0.1.1' as a dependency in 'event-stream@3.3.6'. This new dependency contained obfuscated, malicious code specifically designed to steal cryptocurrency (Bitcoin, Bitcoin Cash) from users of the Copay Dash wallet application by exfiltrating wallet data and private keys if balances exceeded certain thresholds.",2018,2018-09-09,2018-11-26,Individual Hacker,Library,javascript,Social Engineering,Financial Gain,true,source,Financial Exploitation,8000000,"https://github.com/dominictarr/event-stream/issues/116, https://blog.npmjs.org/post/180565383195/details-about-the-event-stream-incident, https://www.npmjs.com/advisories/737, https://github.com/advisories/GHSA-9x64-5r7x-2q53",3.3.6,e3163361fed01384c986b9b4c18feb1fc42b8285,"https://registry.npmjs.org/event-stream/-/event-stream-3.3.6.tgz, https://registry.npmjs.org/flatmap-stream/-/flatmap-stream-0.1.1.tgz","https://www.npmjs.com/advisories/737, https://github.com/advisories/GHSA-9x64-5r7x-2q53, https://github.com/dominictarr/event-stream/commit/e3163361fed01384c986b9b4c18feb1fc42b8285, https://gist.github.com/ActualSize/ff5e2f52f9870d1158884129bb01084d",npmjs.org,package host,source archive,"sha1:10084752f5c006eb49b4abff6ff57d3a8abb5246, sha256:a9c97713c80d0ceb8f28038890af2a0d5f28a037726ed98e46cfa5e851ffec0d"
exotel,exotel PyPI package compromised via phishing.,https://github.com/exotel/exotel-python,"The PyPI account for the 'exotel' package maintainer was compromised via a phishing campaign (""JuiceLedger""). Attackers then uploaded a malicious version (0.1.6) containing code to download and execute an infostealer malware payload on users' systems during installation.",2022,2022-08-01,2022-08-31,Cybercriminal Gang,Library,Python,Compromised Account/Credentials,Credential Theft,false,distribution,Data Exfiltration,480000,"https://checkmarx.com/blog/first-known-phishing-attack-against-pypi-users/, https://www.sentinelone.com/labs/pypi-phishing-campaign-juiceledger-threat-actor-pivots-from-fake-apps-to-supply-chain-attacks/, https://www.itpro.com/security/phishing/368899/pypi-packages-succumb-to-mailchimp-phishing-scam",0.1.6,,"https://pypi.org/project/exotel/0.1.6/, https://files.pythonhosted.org/packages/00/11/8be2e89e8e27dcd7fb53ea71c47a4bf99c5bec48c8d4ab7d6eeb1fc47c3/exotel-0.1.6.tar.gz","https://checkmarx.com/blog/first-known-phishing-attack-against-pypi-users/, https://www.sentinelone.com/labs/pypi-phishing-campaign-juiceledger-threat-actor-pivots-from-fake-apps-to-supply-chain-attacks/",pypi.org,package host,source archive,"sha256:fbb13333b05eaab13d5d4810f92dbd5dfc4c25cf14e4471c6352b046c6653b6f, sha256:60434af3ebe924efabc96558e6c8d8176bf4eb06dd6cc47b4c491da9964be874, sha256:8e97c6883e7af5cc1f88ac03197d62298906ac4a35a789d94cc9fde45ee7ea13"
faker.js,faker.js NPM package maintainer sabotage breaks apps,https://github.com/faker-js/faker,"The maintainer of 'faker.js' intentionally sabotaged the library, similar to the 'colors.js' incident. As a protest, they force-pushed an 'endgame' commit that effectively emptied the project's code and published version 6.6.6 to NPM with a modified, non-functional state, disrupting dependent applications.",2022,2022-01-04,2022-01-09,Author,Library,Javascript,Sabotage,Disruption/Protest,false,source,Service Disruption/Data Destruction,2800000,"https://github.com/faker-js/faker/issues/1046, https://www.bleepingcomputer.com/news/security/dev-corrupts-npm-libs-colors-and-faker-breaking-thousands-of-apps/",6.6.6,c05c10e95447f11b0f5c98470eacd713e9a9e497,https://registry.npmjs.org/faker/-/faker-6.6.6.tgz,"https://github.com/faker-js/faker/commit/c05c10e95447f11b0f5c98470eacd713e9a9e497, https://www.bleepingcomputer.com/news/security/dev-corrupts-npm-libs-colors-and-faker-breaking-thousands-of-apps/, https://snyk.io/blog/open-source-npm-packages-colors-faker-sabotaged/, https://blog.sonatype.com/fakerjs-colorsjs-maintainer-intentionally-sabotages-popular-npm-libraries",npmjs.org,package host,source archive,"sha256:5234a5f7568a0d10977eeb898318c0f6567aeb1f2fa66939735e37a81f37bc39, sha1:c05c10e95447f11b0f5c98470eacd713e9a9e497"
gem-wrappers,gem-wrappers gem backdoored during RubyGems.org platform compromise,https://github.com/rvm/gem-wrappers,"During a platform-level compromise of RubyGems.org (exploiting server vulnerabilities), attackers gained root filesystem access and replaced the legitimate 'gem-wrappers' gem file (v1.1.0) with a malicious version. This trojaned version, with malicious code inserted into 'gemutils.rb', contained obfuscated code (using eval(Zlib::Inflate.inflate(Base64.decode64(...)))) that acted as a backdoor. The backdoor listened on UDP port 53, accepted clear text commands, and allowed remote command execution via eval() on systems that installed or updated to the compromised gem during the incident window.",2013,2013-01-29,2013-02-01,Individual Hacker,Library,Ruby,Compromised Infrastructure,Unauthorized Access/Control,false,distribution,Backdoor/Remote Code Execution,,"https://arstechnica.com/information-technology/2013/02/rubygems-org-hacked-popular-gem-backdoored-with-remote-code-exploit/, https://nakedsecurity.sophos.com/2013/02/01/rubygems-hacked-gem-wrappers/",1.1.0,,"https://rubygems.org/gems/gem-wrappers/versions/1.1.0, https://rubygems.org/downloads/gem-wrappers-1.1.0.gem","https://arstechnica.com/information-technology/2013/02/rubygems-org-hacked-popular-gem-backdoored-with-remote-code-exploit/, https://nakedsecurity.sophos.com/2013/02/01/rubygems-hacked-gem-wrappers/",rubygems.org,package host,source archive,sha256:fbcf2be93426cbf4f1b2f03b7ac3a8fc85eedd6a8dd42b2f6355c388fed8e00e
gentoo,Gentoo GitHub hack modified ebuilds,https://github.com/gentoo,"An attacker gained control of Gentoo's GitHub organization administrator account (reportedly 'risacher' via password guessing). The attacker modified content, including ebuilds for 'portage' and 'musl-dev' in the main Gentoo ebuild repository, replacing them with malicious versions designed to execute 'rm -rf /' which would attempt to remove all files from users' systems. Access was quickly regained and changes reverted.",2018,2018-06-28,2018-06-28,Individual Hacker,Distribution,Shell,Compromised Account/Credentials,Disruption/Protest,false,source,Service Disruption/Data Destruction,,https://arstechnica.com/information-technology/2018/06/gentoo-linux-github-organization-hacked-and-defaced/,Various ebuilds and scripts hosted on GitHub at the time of compromise,"b8ed5a815dfb8c077a92e6a3a90c1ae6a88d284d, 2bd555a1138cb197271e8ddeec38bf4c7ae71844","https://github.com/gentoo/gentoo/commit/b8ed5a815dfb8c077a92e6a3a90c1ae6a88d284d, https://github.com/gentoo-mirror/gentoo/archive/refs/heads/master.zip","https://wiki.gentoo.org/wiki/Github/2018-06-28_incident, https://security.gentoo.org/glsa/201807-01",github.com,code host,revision control system,"sha1:b8ed5a815dfb8c077a92e6a3a90c1ae6a88d284d, sha1:2bd555a1138cb197271e8ddeec38bf4c7ae71844"
handbrake,HandBrake Mac download mirror distributed Proton RAT,,An official HandBrake download mirror server (download.handbrake.fr) hosting the macOS version was compromised. The HandBrake-1.0.7.dmg file was replaced with a malicious version containing the Proton Remote Access Trojan (RAT). Users downloading the Mac version from this mirror were infected.,2017,2017-05-02,2017-05-06,Cybercriminal Gang,Application,Binary,Compromised Infrastructure,Credential Theft,false,distribution,Data Exfiltration,,"https://arstechnica.com/information-technology/2017/05/handbrake-download-server-hacked-to-distribute-mac-malware/, https://securelist.com/proton-mac-os-x-rat/79960/, https://forum.handbrake.fr/viewtopic.php?f=33&t=36380",1.0.7,,"https://download.handbrake.fr/1.0.7/HandBrake-1.0.7.dmg, https://mirror.download.handbrake.fr/1.0.7/HandBrake-1.0.7.dmg","https://objective-see.org/blog/blog_0x1D.html, https://www.cybereason.com/blog/labs-proton-b-what-this-mac-malware-actually-does",download.handbrake.fr,project download host,binary archive,"sha256:0935a43ca90c6c419a49e4f8f1d75e68cd70cb90b79306ce0cc7af2716aaa377, sha1:32176407013738cb03959d0945993c13373f9590, sha256:013623e5e50449bbdf6943549d8224a122aa6c42bd3300a1bd2b743b01ae6793, sha1:230a3e5404b633882b799d84633206b98e80790d"
ircII,ircII FTP distribution backdoored for remote access,,"The official FTP server (ftp.irc.org) hosting the ircII source code was compromised. The `ircii-2.8.2.tar.gz` distribution was modified; specifically, the file `ircd/s_bsd.c` had a backdoor inserted. This backdoor connected to IP 198.168.253.139 on TCP port 30000 and attempted to start an interactive shell (`/bin/sh -i`), allowing remote access with the privileges of the user running ircII.",1998,1998-10-22,1999-01-21,Individual Hacker,Application,C,Compromised Infrastructure,Unauthorized Access/Control,false,distribution,Backdoor/Remote Code Execution,,"https://www.cert.org/historical/advisories/CA-1999-01.cfm, https://web.archive.org/web/20091027105544/http://geocrawler.com/archives/3/55/1998/10/0/2177558/",2.8.2,,"ftp://ftp.irc.org/irc/clients/ircii-2.8.2.tar.gz, ftp://ftp.undernet.org/pub/irc/clients/unix/ircII/ircii-2.8.2.tar.gz","https://web.archive.org/web/20140720105610/http://www.cert.org/advisories/CA-1999-01.html, https://attrition.org/security/advisory/fedcirc/1999/fedcirc.99.01.txt",ftp.irc.org,project download host,source archive,"md5:a2eadc5d2e01fceb4c5728e85a28f2dd, md5:f3c149e1e239263731e0f75730121eb0"
kong-ingress-controller,Kong Ingress Controller image backdoored with cryptominer,https://github.com/Kong/kubernetes-ingress-controller,"An attacker compromised a Kong DockerHub Personal Access Token (PAT), likely via a CI/CD pipeline exploit (""Pwn Request"" targeting an old branch). Using this token, they uploaded a malicious version of the official Kong Ingress Controller container image (v3.4.0) directly to DockerHub. This malicious image contained an XMRig cryptominer configured to mine Monero using the resources of clusters that pulled and ran the compromised image.",2024,2024-12-23,2025-01-02,Individual Hacker,Application,Binary,Compromised Account/Credentials,Financial Gain,false,CI/CD,Financial Exploitation,,"https://github.com/Kong/kubernetes-ingress-controller/security/advisories/GHSA-58mg-ww7q-xw3p, https://konghq.com/blog/product-releases/december-2024-unauthorized-kong-ingress-controller-3-4-0-build, https://hackread.com/malicious-kong-ingress-controller-image-dockerhub/, https://www.armosec.io/blog/kong-ingress-controller-cryptojacking/",3.4.0,,"docker://docker.io/kong/kubernetes-ingress-controller:3.4.0@sha256:a00659df0771d076fc9d0baf1f2f45e81ec9f13179f499d4cd940f57afc75d43, https://hub.docker.com/layers/kong/kubernetes-ingress-controller/3.4.0/images/sha256-a00659df0771d076fc9d0baf1f2f45e81ec9f13179f499d4cd940f57afc75d43",https://github.com/r0binak/kong-xmrig,docker.io,container host,OCI image,"sha256:a00659df0771d076fc9d0baf1f2f45e81ec9f13179f499d4cd940f57afc75d43, sha256:4e3bbca1ba0bf9f0d53c8b1cc07bf92d9b1d41b3f066fdf4aec7cdd8c21ca3b7, sha256:e164e6e21c661679c556d16638300c25e16d86bb2d567ad66b4181f1a65f4788, sha256:56ff46874f0536c289ff38af4cb308af8f7e6156e3f9d9227b71004d2042a4e6"
linux,Linux kernel backdoor insertion attempt via CVS,,"An attacker attempted to insert a subtle backdoor into the Linux kernel source (kernel/exit.c) via the BitKeeper/CVS system. The change involved a two-line modification to the sys_wait4 function. If a call to wait4() was made with specific options (options == (__WCLONE|__WALL)), an additional check (`current->uid = 0`) would execute. This check, an assignment rather than a comparison, would set the calling process's UID to 0, granting root privileges. The attempt was detected and reverted before inclusion in any release.",2003,2003-11-05,2003-11-05,Nation-state,OS,C,Compromised Infrastructure,Espionage/Strategic Advantage,false,source,Benign/Proof of Concept,,"https://lwn.net/Articles/57237/, http://phrack.org/issues/62/4.html#article",,"1.121, 1.120, 1.119, 1.118",http://vger.kernel.org/bkmirror/linux-2.6/,https://lwn.net/Articles/57237/,bkbits.net,code host,revision control system,
linux_mint,Linux Mint website hack redirects ISO downloads,,"The Linux Mint website, specifically its WordPress installation, was compromised. Attackers modified download links on the site for the Linux Mint 17.3 Cinnamon edition ISO. These links redirected users to a server hosting a modified ISO containing the Tsunami backdoor, giving attackers remote control over infected machines.",2016,2016-02-20,2016-02-21,Individual Hacker,Distribution,Binary,Compromised Infrastructure,Unauthorized Access/Control,false,distribution,Backdoor/Remote Code Execution,,"https://blog.linuxmint.com/?p=2994, https://blog.linuxmint.com/?p=3001, https://www.zdnet.com/article/linux-mint-website-hacked-iso-images-compromised/",17.3 Cinnamon Edition,"WordPress modifications targeting download page links, exact details unavailable","http://5.104.175.212/linuxmint-17.3-cinnamon-64bit-v2.iso, https://torrents.linuxmint.com/torrents/linuxmint-17.3-cinnamon-64bit.iso.torrent","https://blog.linuxmint.com/?p=3001, https://www.welivesecurity.com/2016/02/21/linux-mint-website-breach-leads-backdoored-download/",linuxmint.com,project download host,binary archive,"sha256:307d8420e51d8a237153a5ea6454422ee9360f552eb7ea8ce5f5fcf6b7d3c917, md5:e71a2aad8b58605e906dbea444dc4787"
mailparser,mailparser NPM package compromised downloads executes binary,https://github.com/mailparser-legacy/mailparser,"Maintainer's NPM account for `mailparser` compromised. Malicious version 0.1.2 published to NPM, attempted to download and execute OS-specific binary from external server. Package removed within an hour; <100 downloads.",2019,2019-03-12,2019-03-12,Individual Hacker,Library,Javascript,Compromised Account/Credentials,Unauthorized Access/Control,false,distribution,Backdoor/Remote Code Execution,100,"https://security.snyk.io/vuln/npm:mailparser:20190312, https://www.npmjs.com/advisories/912",0.1.2,,https://registry.npmjs.org/mailparser/-/mailparser-0.1.2.tgz,https://security.snyk.io/vuln/npm:mailparser:20190312,npmjs.org,package host,source archive,sha256:a7c55ef358ba3b90def7f46fd0ad40830e0df3b6f68e32cdb8603c4ccb0cc45a
node-ipc,node-ipc NPM package maintainer adds protestware malware,https://github.com/RIAEvangelist/node-ipc,"The maintainer added malicious code targeting users with Russian or Belarusian IP addresses. The code attempted to recursively overwrite files with a heart emoji character, causing data destruction. This 'protestware' was embedded within the popular `node-ipc` library.",2022,2022-03-07,2022-03-16,Author,Library,Javascript,Sabotage,Disruption/Protest,false,source,Service Disruption/Data Destruction,1000000,"https://snyk.io/blog/peacenotwar-protestware-node-ipc-package-vulnerability/, https://github.com/advisories/GHSA-97m3-w2cp-4xx6, https://arstechnica.com/information-technology/2022/03/sabotage-code-added-to-popular-npm-package-wiped-files-in-russia-and-belarus/","9.2.2, 10.1.1, 10.1.2, 11.0.0",f3ff376905550597f05410771031cc67a446f662,"https://registry.npmjs.org/node-ipc/-/node-ipc-9.2.2.tgz, https://registry.npmjs.org/node-ipc/-/node-ipc-10.1.1.tgz, https://registry.npmjs.org/node-ipc/-/node-ipc-10.1.2.tgz, https://registry.npmjs.org/node-ipc/-/node-ipc-11.0.0.tgz","https://snyk.io/blog/peacenotwar-protestware-node-ipc-package-vulnerability/, https://github.com/RIAEvangelist/node-ipc/commit/f3ff376905550597f05410771031cc67a446f662, https://socket.dev/npm/package/node-ipc/versions",npmjs.org,package host,source archive,"sha256:f54bb89fe21762ce2ab5fe7581bf7f347f79ec30abe3ab1175da4edc26b5f91a, sha256:03190b659f9ad3c0e0bb337a958cbfa49c0bbfd8baff63d5a178c0eb6c8ea292"
openssh,Trojan Horse in OpenSSH Distribution Files,,"Malicious code was discovered in OpenSSH distribution files on the official OpenBSD FTP server. The trojan was inserted into the source code archives and would activate during compilation, connecting to a remote server on IRC port 6667 and allowing arbitrary command execution. The backdoor was discovered quickly and the compromised files were replaced with clean versions before widespread damage could occur.",2002,2002-07-30,2002-08-01,Unknown,Application,C,Sabotage,Unauthorized Access/Control,false,distribution,Limited,,"https://www.openssh.com/txt/trojan.adv, https://undeadly.org/cgi?action=article&sid=20020801122759, https://www.itworldcanada.com/article/trojan-horse-found-in-openssh/25256, https://www.cert.org/advisories/CA-2002-24.html, https://www.mavetju.org/unix/openssh-trojan.php, https://slashdot.org/comments.pl?sid=37188&cid=3991288","3.2.2p1, 3.4p1, 3.4",None,"ftp://ftp.openbsd.org/pub/OpenBSD/OpenSSH/openssh-3.4p1.tar.gz, ftp://ftp.openbsd.org/pub/OpenBSD/OpenSSH/openssh-3.4.tgz, ftp://ftp.openbsd.org/pub/OpenBSD/OpenSSH/openssh-3.2.2p1.tar.gz","http://www.mavetju.org/~edwin/bf-test.c, http://www.mavetju.org/~edwin/bf-output.sh",openssh.com,code distribution,tar archive,3ac9bc346d736b4a51d676faa2a08a57
openx,OpenX ad server downloads compromised serving malware,,"The infrastructure serving downloads and updates for the OpenX Source ad server software was compromised. Attackers modified official software packages to include malicious code. This code redirected website visitors viewing ads served by compromised OpenX servers to the Styx exploit kit, infecting end-users.",2013,2013-08-01,2013-12-06,Cybercriminal Gang,Application,PHP,Compromised Infrastructure,Financial Gain,false,distribution,Unauthorized System Modification/Malware Propagation,,"https://blog.sucuri.net/2013/12/openx-compromise-serving-malware.html, https://www.theregister.com/2013/12/05/openx_hack_malware_serving/, https://www.zdnet.com/article/openx-ad-software-compromised-to-serve-malware-styx-exploit-kit/",OpenX Source 2.8.10,,"https://www.openx.org/download/openx-source-2.8.10.zip, https://web.archive.org/web/20131201000000*/http://www.openx.org/download/openx-source-2.8.10.zip","https://blog.sucuri.net/2013/12/openx-compromise-serving-malware.html, https://www.unmaskparasites.com/2013/12/05/ad-networks-openx-source-compromised/",openx.com,project download host,source archive,md5:3cf59a7b8996dcc52370cf918f248ee4
pear,PEAR PHP installer go-pear.phar compromised on server,,The official `go-pear.phar` installer file hosted on the `pear.php.net` server was compromised and replaced with a malicious version. Users downloading and executing this compromised installer could have had their systems backdoored. The compromise lasted approximately six months before discovery.,2018,2018-06-20,2019-01-19,Individual Hacker,Library,PHP,Compromised Infrastructure,Unauthorized Access/Control,false,distribution,Backdoor/Remote Code Execution,,"https://thehackernews.com/2019/01/php-pear-hacked.html, https://blog.paranoidpenguin.net/2019/01/pear-php-net-probably-compromised/, https://twitter.com/pear/status/1086934578562560001",,,"http://pear.php.net/go-pear.phar, http://web.archive.org/web/20190119035624/http://pear.php.net/go-pear.phar","https://www.bleepingcomputer.com/news/security/official-php-pear-website-suffers-supply-chain-attack/, https://blog.paranoidpenguin.net/2019/01/pear-php-net-probably-compromised/",pear.php.net,project download host,binary archive,sha1:1e623a48b8991980e93896153651135ab7ab82a0
php,PHP Git server compromise attempts source code backdoor,https://github.com/php/php-src,"Attackers compromised the self-hosted `git.php.net` server. They pushed two malicious commits directly to the php-src repository ('main' branch). These commits attempted to insert a backdoor enabling remote code execution, disguised as typo fixes. The commits were detected quickly and did not impact any released version. PHP migrated to GitHub afterwards.",2021,2021-03-28,2021-03-28,Individual Hacker,Library,C,Compromised Infrastructure,Espionage/Strategic Advantage,false,source,Benign/Proof of Concept,,"https://news-web.php.net/php.internals/113838, https://www.bleepingcomputer.com/news/security/phps-git-server-hacked-to-add-backdoors-to-php-source-code/, https://github.com/php/php-src/issues/6900",,"c730aa26bd52829a49f2ad284b181b7e82a68d7d, 2b0f239b211c7544fcad542144ceca7d9b0ab58e","https://git.php.net/?p=php-src.git;a=commit;h=c730aa26bd52829a49f2ad284b181b7e82a68d7d, https://git.php.net/?p=php-src.git;a=commit;h=2b0f239b211c7544fcad542144ceca7d9b0ab58e","https://github.com/php/php-src/commit/c730aa26bd52829a49f2ad284b181b7e82a68d7d, https://github.com/php/php-src/commit/2b0f239b211c7544fcad542144ceca7d9b0ab58e, https://news-web.php.net/php.internals/113838",git.php.net,code host,revision control system,
phpass (Hautelook fork on GitHub / Packagist),hautelook/phpass library hijacked via GitHub org.,,"The GitHub organization 'hautelook', which maintained a popular fork of the phpass PHP password hashing library, was deleted. An attacker later registered the 'hautelook' organization name and created a repository named 'phpass' with the same URL as the original. This new repository contained a malicious version of phpass designed to steal AWS credentials by exfiltrating environment variables. Packagist, which mirrored the original GitHub repository, then began serving this malicious version to users who updated the dependency.",2022,2022-05-19,2022-05-24,Individual Hacker,Library,PHP,Compromised Account/Credentials,Credential Theft,false,source,Data Exfiltration,2500000,"https://www.concretecms.org/about/project-news/security/supply-chain-hack-phpass-repo-jacking, https://thehackernews.com/2022/05/pypi-package-ctx-and-php-library-phpass.html, https://cybersecuritynews.com/attackers-compromised-pypi-package/","Versions of hautelook/phpass pulled from Packagist between May 19-24, 2022",,"https://packagist.org/packages/hautelook/phpass, https://github.com/hautelook/phpass","https://www.concretecms.org/about/project-news/security/supply-chain-hack-phpass-repo-jacking, https://github.com/concrete5/hautelook_phpass_rsa",packagist.org,package host,source archive,sha256:bc9cf9f18f5c41cc27d53d46b579f95f3ea45a70f94a8da3060b864d3e2d18c4
phpmyadmin,phpMyAdmin SourceForge mirror distributes JavaScript malware (2009),https://github.com/phpmyadmin/phpmyadmin,"Downloads of phpMyAdmin obtained from certain compromised SourceForge mirrors contained injected malicious JavaScript code within legitimate files (like js/cross_framing_protection.js). When an administrator used the compromised phpMyAdmin installation, this JavaScript executed in their browser, potentially redirecting them or loading external malicious content. This was separate from a later backdoor incident in 2012.",2008,2008-12-01,2009-01-21,Cybercriminal Gang,Application,Javascript,Compromised Infrastructure,Financial Gain,false,distribution,Unauthorized System Modification/Malware Propagation,,"https://web.archive.org/web/20090202060440/http://www.phpmyadmin.net/home_page/security.php?issue=PMASA-2009-1, https://www.securityfocus.com/bid/33200",3.1.1,,"https://sourceforge.net/projects/phpmyadmin/files/phpMyAdmin/3.1.1/phpMyAdmin-3.1.1-all-languages.zip/download, http://jaist.dl.sourceforge.net/project/phpmyadmin/phpMyAdmin/3.1.1/phpMyAdmin-3.1.1-all-languages.zip","https://web.archive.org/web/20090202060440/http://www.phpmyadmin.net/home_page/security.php?issue=PMASA-2009-1, https://www.securityfocus.com/bid/33200",sourceforge.net,package host,source archive,md5:9537f4c5f9b959d24aad55ea0e4d9ebb
phpmyadmin,phpMyAdmin SourceForge mirror distributes backdoored zip file,https://github.com/phpmyadmin/phpmyadmin,An official download mirror for phpMyAdmin hosted on SourceForge was compromised. Attackers replaced the legitimate `phpMyAdmin-3.5.2.2-all-languages.zip` file with a version containing a backdoor (`server_sync.php`). Users downloading from this specific mirror received the malicious version.,2012,2012-09-25,2012-09-27,Individual Hacker,Application,PHP,Compromised Infrastructure,Unauthorized Access/Control,false,distribution,Backdoor/Remote Code Execution,,"https://www.phpmyadmin.net/news/2012/9/27/sourceforge-mirror-compromised/, https://www.zdnet.com/article/phpmyadmin-update-released-after-security-compromise/",3.5.2.2,,"https://sourceforge.net/projects/phpmyadmin/files/phpMyAdmin/3.5.2.2/phpMyAdmin-3.5.2.2-all-languages.zip/download, http://ignum-dl.sourceforge.net/project/phpmyadmin/phpMyAdmin/3.5.2.2/phpMyAdmin-3.5.2.2-all-languages.zip","https://www.phpmyadmin.net/news/2012/9/27/sourceforge-mirror-compromised/, https://www.zdnet.com/article/phpmyadmin-update-released-after-security-compromise/",sourceforge.net,package host,source archive,md5:cee5fa3565412733e42a8e461a2bcb39
proftpd,ProFTPD official site compromise distributes backdoored source,https://github.com/proftpd/proftpd,The main FTP server distributing the ProFTPD source code (`ftp.proftpd.org`) was compromised. Attackers replaced the legitimate source code tarball for ProFTPD version 1.3.3c with a modified version containing a backdoor. Compiling and running this version would allow attackers remote root access.,2010,2010-11-28,2010-12-01,Individual Hacker,Application,C,Compromised Infrastructure,Unauthorized Access/Control,false,distribution,Backdoor/Remote Code Execution,,"https://www.theregister.com/2010/12/02/proftpd_backdoor/, https://lwn.net/Articles/418326/, https://www.linux-magazine.com/Online/News/ProFTPD-Backdoor-Discovered",1.3.3c,,"ftp://ftp.proftpd.org/distrib/source/proftpd-1.3.3c.tar.gz, ftp://mirror.proftpd.org/proftpd-1.3.3c.tar.gz","https://www.theregister.com/2010/12/02/proftpd_backdoor/, https://www.securityfocus.com/bid/45150",ftp.proftpd.org,project download host,source archive,md5:565b57ceda4b00b80f896c5f44703291
pytorch,PyTorch nightly builds compromised via malicious dependency,https://github.com/pytorch/pytorch,PyTorch nightly builds were compromised when a malicious package named `torchtriton` was uploaded to PyPI. The PyTorch build process imported this package due to dependency confusion. The malicious `torchtriton` exfiltrated sensitive information from the build environment and executed code.,2022,2022-12-25,2022-12-30,Individual Hacker,Library,Python,Malicious Dependency,Credential Theft,true,dependency,Data Exfiltration,,"https://pytorch.org/blog/security-alert/, https://blog.checkpoint.com/research/supply-chain-attack-on-pytorch-dependency-confusion-via-malicious-packages/, https://blog.sonatype.com/pytorch-hijacked-dependency-confusion-2.0",Nightly builds between 2022-12-25 and 2022-12-30,,"https://pypi.org/project/torchtriton/2.0.0.post1/, https://pypi.org/simple/torchtriton/","https://pytorch.org/blog/security-alert/, https://blog.checkpoint.com/research/supply-chain-attack-on-pytorch-dependency-confusion-via-malicious-packages/",pypi.org,package host,source archive,sha256:919118939367690c239923b9748520c261503865094823459177886619378916
rand-user-agent,rand-user-agent Package Hijacked With RAT,https://github.com/WebScrapingAPI/rand-user-agent,"Attackers compromised the NPM account of the maintainer and published malicious versions of the rand-user-agent package. The compromised versions contained obfuscated code that installed a Remote Access Trojan (RAT), which established a connection to a command-and-control server. The malware could execute arbitrary commands, upload files from victims' machines, and modify the PATH environment variable to hijack Python execution.",2025,2025-05-05,2025-05-05,Individual Hacker,Library,JavaScript,Compromised Account/Credentials,Unauthorized Access/Control,false,distribution,Backdoor/Remote Code Execution,45000,"https://www.aikido.dev/blog/catching-a-rat-remote-access-trojian-rand-user-agent-supply-chain-compromise, https://www.npmjs.com/package/rand-user-agent","1.0.110, 2.0.83, 2.0.84",,"https://registry.npmjs.org/rand-user-agent/-/rand-user-agent-1.0.110.tgz, https://registry.npmjs.org/rand-user-agent/-/rand-user-agent-2.0.83.tgz, https://registry.npmjs.org/rand-user-agent/-/rand-user-agent-2.0.84.tgz",https://www.aikido.dev/blog/catching-a-rat-remote-access-trojian-rand-user-agent-supply-chain-compromise,npmjs.org,package host,source archive,sha256:4ecdf8ceee1f2345ef9996c15f44eee3f87a1e04baa0fb0f91cc228e699a2873
rc,rc NPM package includes malicious coa dependency,https://github.com/dominictarr/rc,"The 'rc' configuration loader NPM package was compromised indirectly. Attackers gained control of the 'coa' package (a dependency) and published malicious versions. When 'rc' was updated to use these compromised 'coa' versions, 'rc' itself began distributing password-stealing malware transitively.",2021,2021-11-04,2021-11-05,Compromised Dependency,Library,Javascript,Malicious Dependency,Credential Theft,true,dependency,Data Exfiltration,10000000,"https://therecord.media/malware-found-in-coa-and-rc-two-npm-packages-with-23m-weekly-downloads/, https://snyk.io/blog/npm-security-malicious-code-in-rc-and-coa-packages/, https://github.com/advisories/GHSA-g2q5-5433-rhrf","1.2.9, 1.3.9, 2.3.9",,"https://registry.npmjs.org/rc/-/rc-1.2.9.tgz, https://registry.npmjs.org/rc/-/rc-1.3.9.tgz, https://registry.npmjs.org/rc/-/rc-2.3.9.tgz","https://snyk.io/blog/npm-security-malicious-code-in-rc-and-coa-packages/, https://socket.dev/npm/package/rc/versions",npmjs.org,package host,source archive,"sha256:47e42e13c821b68a5e7a60114ac739bcb22365c41f0b5dcefa8632ce977a5f53, sha256:3bbc2a836422ea9c327bb3e7b8429b3b6a878dc25811e19869bb48e0b933c089"
rest-client,rest-client gem backdoor steals credentials.,https://github.com/rest-client/rest-client,A maintainer's RubyGems.org account was compromised due to a reused password. Attackers then published malicious versions of the rest-client gem containing a backdoor. This backdoor exfiltrated environment variables and could execute arbitrary remote commands.,2019,2019-08-14,2019-08-19,Individual Hacker,Library,ruby,Compromised Account/Credentials,Financial Gain,false,distribution,Data Exfiltration,2450,"https://github.com/rest-client/rest-client/issues/713, https://snyk.io/blog/code-execution-back-door-found-in-rubys-rest-client-library/, https://www.helpnetsecurity.com/2019/08/21/backdoored-ruby-gems/","1.6.10, 1.6.11, 1.6.12, 1.6.13",,"https://rubygems.org/gems/rest-client/versions/1.6.10, https://rubygems.org/gems/rest-client/versions/1.6.11, https://rubygems.org/gems/rest-client/versions/1.6.12, https://rubygems.org/gems/rest-client/versions/1.6.13","https://snyk.io/blog/code-execution-back-door-found-in-rubys-rest-client-library/, https://github.com/rest-client/rest-client/issues/713, https://github.com/rubysec/ruby-advisory-db/blob/master/gems/rest-client/CVE-2019-15224.yml",rubygems.org,package host,source archive,"sha256:9900a959f1ebf2a27e45f5a9ebff2440edc7a91181e4aae2d3c89dd03dca3dfe, sha256:cca62351eceaebe5ba440a8fc00a3170a58e0af67a755d2bce743c11a2b1437e"
reviewdog/action-setup,reviewdog/action-setup GitHub Action compromise leaks secrets,,"Attackers compromised a contributor's Personal Access Token (PAT), traced back to an earlier leak from the SpotBugs project, which granted write access. They maliciously updated the `v1` tag of the official `reviewdog/action-setup` GitHub Action to point to malicious code (`f0d342d`). For approximately 2 hours, workflows using `@v1` executed this code, which dumped secrets (like GITHUB_TOKEN) from the runner environment into publicly accessible workflow logs. This incident was a precursor, enabling the compromise of the `tj-actions/changed-files` action.",2025,2025-03-11,2025-03-17,Individual Hacker,CI/CD plugin,Shell,Compromised GHA,Credential Theft,false,source,Data Exfiltration,1500,"https://github.com/reviewdog/reviewdog/security/advisories/GHSA-qmg3-hpqr-gqvc, https://nvd.nist.gov/vuln/detail/CVE-2025-30154, https://www.cisa.gov/news-events/alerts/2025/03/18/supply-chain-compromise-third-party-tj-actionschanged-files-cve-2025-30066-and-reviewdogaction, https://nvd.nist.gov/vuln/detail/CVE-2025-30066, https://www.wiz.io/blog/new-github-action-supply-chain-attack-reviewdog-action-setup, https://www.stepsecurity.io/blog/reviewdog-github-actions-are-compromised, https://github.com/reviewdog/reviewdog/issues/2079",v1,f0d342d24037bb11d26b9bd8496e0808ba32e9ec,"https://github.com/reviewdog/action-setup/tree/f0d342d24037bb11d26b9bd8496e0808ba32e9ec, https://github.com/reviewdog/action-setup/tree/v1","https://www.wiz.io/blog/new-github-action-supply-chain-attack-reviewdog-action-setup, https://www.stepsecurity.io/blog/reviewdog-github-actions-are-compromised",github.com,code host,revision control system,sha1:f0d342d24037bb11d26b9bd8496e0808ba32e9ec
sendmail,Sendmail official FTP source distribution trojanized (8.12.6),,"The official Sendmail FTP server (`ftp.sendmail.org`) was compromised, and the source code tarballs for version 8.12.6 (`.tar.gz` and `.tar.Z` files) were replaced with trojanized versions. The malicious code, reportedly activated during the compilation process, connected to a remote IRC server (port 6667) and potentially allowed remote shell access for the attacker. The compromised files were available for approximately one week.",2002,2002-09-28,2002-10-06,Individual Hacker,Daemon,C,Compromised Infrastructure,Unauthorized Access/Control,false,distribution,Backdoor/Remote Code Execution,,"https://web.archive.org/web/20140720105607/http://www.cert.org/advisories/CA-2002-28.html, https://www.exploit-db.com/exploits/21919, https://web.archive.org/web/20210515121835/https://www.securityfocus.com/bid/5921/info, https://nvd.nist.gov/vuln/detail/CVE-1999-0661",8.12.6,,"ftp://ftp.sendmail.org/pub/sendmail/sendmail.8.12.6.tar.gz, ftp://ftp.sendmail.org/pub/sendmail/sendmail.8.12.6.tar.Z","https://web.archive.org/web/20140720105607/http://www.cert.org/advisories/CA-2002-28.html, https://www.exploit-db.com/exploits/21919",ftp.sendmail.org,project download host,source archive,"md5:9a7cc87790451590c2e9eb1a8c9df102, md5:fddfdbc32d0d7912af703088ffdfe6d5"
Simply Houses,Simply Houses mod compromised with Fracturiser malware,,"A developer account (`shyandlostboy81`) with publishing rights for the 'Simply Houses' Minecraft mod on CurseForge was compromised. Attackers uploaded a malicious JAR file disguised as a legitimate update. This file contained the 'Fracturiser' malware, designed to steal credentials (Discord, Microsoft, Minecraft) and spread to other JAR files on the user's system.",2023,2023-05-01,2023-06-08,Cybercriminal Gang,Game mod,Java,Compromised Account/Credentials,Credential Theft,false,distribution,Data Exfiltration,,"https://support.curseforge.com/en/support/solutions/articles/9000228509-june-2023-infected-mods-detection-tool-and-report, https://mineacademy.org/fractureiser-malware, https://www.bitdefender.com/en-au/blog/labs/infected-minecraft-mods-lead-to-multi-stage-multi-platform-infostealer-malware",,,https://www.curseforge.com/minecraft/mc-mods/simply-houses,"https://github.com/fractureiser-investigation/fractureiser, https://github.com/fractureiser-investigation/fractureiser/blob/main/docs/stage1-analysis.md",curseforge.com,package host,binary archive,sha256:5584ac1f8b713d2f6310bd3cde425b775402fbc70e56e5e8d774bec15703ca79
Sky Villages [Forge/Fabric],Sky Villages mod compromised with Fracturiser malware,,"The CurseForge account associated with the 'Sky Villages' Minecraft mod was compromised. Attackers uploaded a malicious JAR file appearing as a legitimate update for the mod. This file contained the 'Fracturiser' malware, which steals various credentials and attempts to infect other JAR files on the victim's computer.",2023,2023-05-01,2023-06-08,Cybercriminal Gang,Game mod,Java,Compromised Account/Credentials,Credential Theft,false,distribution,Data Exfiltration,,"https://support.curseforge.com/en/support/solutions/articles/9000228509-june-2023-infected-mods-detection-tool-and-report, https://securelist.com/fracturiser-supply-chain-attack-infecting-minecraft-mods/110014/",,,https://www.curseforge.com/minecraft/mc-mods/sky-villages-forge-fabric,"https://github.com/fractureiser-investigation/fractureiser, https://securelist.com/fracturiser-supply-chain-attack-infecting-minecraft-mods/110014/",curseforge.com,package host,binary archive,sha256:5584ac1f8b713d2f6310bd3cde425b775402fbc70e56e5e8d774bec15703ca79
@solana/web3.js,@solana/web3.js NPM package compromised stealing private keys,,"Attackers compromised an NPM publish-access account, reportedly via spear-phishing a maintainer. They published malicious versions (1.95.6, 1.95.7) of the widely used `@solana/web3.js` package to NPM. The injected code captured private keys handled by dependent applications (especially bots or backend systems) and exfiltrated them to an attacker's server (`sol-rpc.xyz`), enabling cryptocurrency theft estimated around $160k USD.",2024,2024-12-02,2024-12-03,Cybercriminal Gang,Library,Javascript,Compromised Account/Credentials,Financial Gain,false,distribution,Financial Exploitation,400000,"https://nvd.nist.gov/vuln/detail/CVE-2024-54134, https://cve.mitre.org/cgi-bin/cvename.cgi?name=CVE-2024-54134, https://thehackernews.com/2024/12/researchers-uncover-backdoor-in-solanas.html, https://www.cyfrin.io/blog/critical-security-alert-solana-web3-js-library-compromise, https://github.com/solana-labs/solana-web3.js/releases/tag/v1.95.8","1.95.6, 1.95.7",,"https://registry.npmjs.org/@solana/web3.js/-/web3.js-1.95.6.tgz, https://registry.npmjs.org/@solana/web3.js/-/web3.js-1.95.7.tgz","https://www.cyfrin.io/blog/critical-security-alert-solana-web3-js-library-compromise, https://github.com/solana-labs/solana-web3.js/releases/tag/v1.95.8",npmjs.org,package host,source archive,"sha256:cd9e0af30eee5b6935335e7969f9866d595b0c5301e15a2be54c9373f067f9d3, sha256:dc27c84a02208fb05e1a24a94eb4bed0108339e9ae31c6c9176a033ab4dcv55c"
strong_password,strong_password Ruby gem compromised with backdoor code,,"Similar to the 'rest-client' incident around the same time, the 'strong_password' Ruby gem had a malicious version published. This compromised version contained a backdoor designed to steal environment variables and potentially execute code. It's suspected the same actor compromised both gems.",2019,2019-08-16,2019-08-21,Individual Hacker,Library,Ruby,Compromised Account/Credentials,Credential Theft,false,distribution,Data Exfiltration,,"https://github.com/rest-client/rest-client/issues/713, https://snyk.io/blog/code-execution-back-door-found-in-rubys-rest-client-library/, https://www.helpnetsecurity.com/2019/08/21/backdoored-ruby-gems/",0.0.7,,"https://rubygems.org/gems/strong_password/versions/0.0.7, https://rubygems.org/downloads/strong_password-0.0.7.gem","https://snyk.io/blog/code-execution-back-door-found-in-rubys-rest-client-library/, https://www.helpnetsecurity.com/2019/08/21/backdoored-ruby-gems/",rubygems.org,package host,source archive,sha256:c3a46b979b941ecc456639033754f3bad3f5d379df064d4ccd0b54d0fb8e46ea
tcp-wrappers,tcp-wrappers distribution trojanized granting remote root,,"The official source code distribution tarball for tcp-wrappers version 7.6 (`tcp_wrappers_7.6.tar.gz`) was replaced with a trojaned version on several FTP distribution sites, including the primary site at the time (Eindhoven University). The backdoor provided root access to attackers initiating connections from source port 421 and also sent system information via email upon compilation.",1999,1999-01-21,1999-01-22,Individual Hacker,Library,C,Compromised Infrastructure,Unauthorized Access/Control,false,distribution,Backdoor/Remote Code Execution,,"https://web.archive.org/web/20140720105610/http://www.cert.org/advisories/CA-1999-01.html, https://attrition.org/security/advisory/fedcirc/1999/fedcirc.99.01.txt, https://en.wikipedia.org/wiki/TCP_Wrappers#Security",7.6,,"ftp://ftp.win.tue.nl/pub/security/tcp_wrappers_7.6.tar.gz, ftp://ftp.porcupine.org/pub/security/tcp_wrappers_7.6.tar.gz","https://web.archive.org/web/20140720105610/http://www.cert.org/advisories/CA-1999-01.html, https://attrition.org/security/advisory/fedcirc/1999/fedcirc.99.01.txt",ftp.win.tue.nl,project download host,source archive,md5:3a95175a092f1753a0591bf501ff9d39
tj-actions_changed-files,tj-actions GitHub Actions compromised via token leak,https://github.com/tj-actions/changed-files,"A maintainer's personal access token (PAT) with repository write access was leaked from a compromised development environment. This potentially allowed attackers to modify the code of several `tj-actions`, including `changed-files`, used in GitHub Actions workflows. Such modifications could exfiltrate secrets or execute malicious code within users\' CI/CD pipelines.",2025,2025-03-14,2025-03-15,Individual Hacker,Library,Shell,Compromised GHA,Credential Theft,false,CI/CD,Data Exfiltration,,"https://nvd.nist.gov/vuln/detail/CVE-2025-30066, https://cve.mitre.org/cgi-bin/cvename.cgi?name=CVE-2025-30066, https://www.cisa.gov/news-events/alerts/2025/03/18/supply-chain-compromise-third-party-tj-actionschanged-files-cve-2025-30066-and-reviewdogaction, https://www.wiz.io/blog/github-action-tj-actions-changed-files-supply-chain-attack-cve-2025-30066, https://www.stepsecurity.io/blog/harden-runner-detection-tj-actions-changed-files-action-is-compromised",,0e58ed8671d6b60d0890c21b07f8835ace038e67,"https://github.com/tj-actions/changed-files/tree/0e58ed8671d6b60d0890c21b07f8835ace038e67, https://github.com/tj-actions/changed-files/archive/0e58ed8671d6b60d0890c21b07f8835ace038e67.zip","https://www.wiz.io/blog/github-action-tj-actions-changed-files-supply-chain-attack-cve-2025-30066, https://www.stepsecurity.io/blog/harden-runner-detection-tj-actions-changed-files-action-is-compromised",github.com,code host,revision control system,
transmission,Transmission macOS installer distributed KeRanger ransomware,https://github.com/transmission/transmission,The official website for the Transmission BitTorrent client was compromised. Attackers replaced the legitimate macOS installer for version 2.90 with a malicious disk image containing the OSX.KeRanger ransomware. Users downloading and installing this version had their files encrypted.,2016,2016-03-04,2016-03-06,Cybercriminal Gang,Application,Binary,Compromised Infrastructure,Financial Gain,false,distribution,Financial Exploitation,,"https://www.paloaltonetworks.com/blog/2016/03/new-os-x-ransomware-keranger-infected-transmission-bittorrent-client-installer/, https://securelist.com/osxkeranger-ransomware-infecting-transmission-users/74214/",2.90,,"https://download.transmissionbt.com/files/Transmission-2.90.dmg, https://updates.transmissionbt.com/Transmission-2.90.dmg","https://www.paloaltonetworks.com/blog/2016/03/new-os-x-ransomware-keranger-infected-transmission-bittorrent-client-installer/, https://securelist.com/osxkeranger-ransomware-infecting-transmission-users/74214/, https://www.welivesecurity.com/2016/03/07/new-mac-ransomware-appears-keranger-spread-via-transmission-app/",transmissionbt.com,project download host,binary archive,"sha256:7552f29459368037868f5b7cf09884080831079276a4647682a8aac86e0b95e7, sha256:2eef2cf8a39e98e91b09d24602c662598f39b449aa9b5f3ac6ea19690033a3c1"
transmission,Transmission macOS installer distributed Keydnap backdoor,https://github.com/transmission/transmission,"Months after the KeRanger incident, Transmission's website was compromised again. This time, the legitimate macOS installer for version 2.92 was replaced with a malicious version containing the OSX/Keydnap backdoor. Keydnap aimed to steal keychain credentials and establish persistent remote access.",2016,2016-08-28,2016-08-30,Cybercriminal Gang,Application,Binary,Compromised Infrastructure,Credential Theft,false,distribution,Data Exfiltration,,https://objective-see.org/blog/blog_0x11.html,2.92,,"https://download.transmissionbt.com/files/Transmission-2.92.dmg, https://updates.transmissionbt.com/Transmission-2.92.dmg","https://objective-see.org/blog/blog_0x11.html, https://www.welivesecurity.com/2016/08/30/osxkeydnap-spreads-via-signed-transmission-application/",transmissionbt.com,project download host,binary archive,"sha256:f06ac9609c3a8b00a7586840e990153460f8de9526e91a1a6ab733c850d5c83f, sha256:c5e5ec89c5517b50d848b6a6d4f86ed74715a715a015c6d38d789addcffea6b3"
Treecapitator (Bukkit Plugin),Treecapitator Bukkit plugin compromised with Fracturiser malware,,"An account with publishing rights on BukkitDev for a popular plugin implementing 'Treecapitator' functionality was compromised. A malicious JAR file containing the 'Fracturiser' malware was uploaded, appearing as an update. This malware aimed to steal user credentials (Discord, Microsoft, Minecraft) and propagate itself by infecting other JAR files.",2023,2023-05-01,2023-06-08,Cybercriminal Gang,Game mod,Java,Compromised Account/Credentials,Credential Theft,false,distribution,Data Exfiltration,,"https://support.curseforge.com/en/support/solutions/articles/9000228509-june-2023-infected-mods-detection-tool-and-report, https://prismlauncher.org/news/cf-compromised-alert/, https://www.bitdefender.com/en-au/blog/labs/infected-minecraft-mods-lead-to-multi-stage-multi-platform-infostealer-malware",,,https://dev.bukkit.org/projects/treecapitator,"https://github.com/fractureiser-investigation/fractureiser, https://www.bitdefender.com/en-au/blog/labs/infected-minecraft-mods-lead-to-multi-stage-multi-platform-infostealer-malware",dev.bukkit.org,package host,binary archive,sha256:5584ac1f8b713d2f6310bd3cde425b775402fbc70e56e5e8d774bec15703ca79
uaparser-js,ua-parser-js NPM package hijacked distributing malware,https://github.com/faisalman/ua-parser-js,"The maintainer's NPM account was compromised, allowing attackers to publish malicious versions of the popular ua-parser-js library. These versions contained malware designed to steal credentials (OS passwords, browser cookies, Discord tokens) and install a cryptominer. The malware targeted both Linux and Windows systems.",2021,2021-10-22,2021-10-22,Cybercriminal Gang,Library,Javascript,Compromised Account/Credentials,Financial Gain,false,distribution,Financial Exploitation,8000000,"https://github.com/advisories/GHSA-pjwm-rvh2-c87w, https://github.com/faisalman/ua-parser-js/issues/536","0.7.29, 0.8.0, 1.0.0",,"https://registry.npmjs.org/ua-parser-js/-/ua-parser-js-0.7.29.tgz, https://registry.npmjs.org/ua-parser-js/-/ua-parser-js-0.8.0.tgz, https://registry.npmjs.org/ua-parser-js/-/ua-parser-js-1.0.0.tgz","https://my.diffend.io/npm/ua-parser-js/0.7.28/0.7.29, https://www.diffchecker.com/4bgZFxLj/, https://grumpy.systems/2021/ua-parser-js-compromise/, https://socket.dev/blog/inside-node-modules",npmjs.org,package host,source archive,sha256:bd669280081a82e8f29f0c5a522169f2917fd522ac229b376189e763184307ba
ultralytics,Ultralytics PyPI package compromised distributing cryptominer,https://github.com/ultralytics/ultralytics,Attackers exploited a vulnerability in the project's GitHub Actions CI/CD workflow (combining `pull_request_target` trigger with command injection via unsanitized branch names). This allowed them to execute arbitrary code during the build/publish process and upload malicious versions of the official `ultralytics` package directly to PyPI. These compromised versions contained an XMRig cryptominer. Several malicious versions were published over a few days before being detected and removed.,2024,2024-12-04,2024-12-07,Individual Hacker,Library,Python,GHA Vulnerability,Financial Gain,false,CI/CD,Financial Exploitation,,"https://www.legitsecurity.com/blog/the-ultralytics-supply-chain-attack-how-it-happened-how-to-prevent, https://safetycli.com/research/supply-chain-attack-ultralytics-ai, https://github.com/ultralytics/ultralytics/issues/18029","8.3.41, 8.3.42, 8.3.45, 8.3.46","fd3acf4de0a65c8866aded0c0efca9137e0e31e4, 859f5a09dbfcc36f47ae57ab2f87ea3a10e6f9a9","https://pypi.org/project/ultralytics/8.3.41/, https://pypi.org/project/ultralytics/8.3.42/, https://pypi.org/project/ultralytics/8.3.45/, https://pypi.org/project/ultralytics/8.3.46/","https://www.legitsecurity.com/blog/the-ultralytics-supply-chain-attack-how-it-happened-how-to-prevent, https://safetycli.com/research/supply-chain-attack-ultralytics-ai, https://github.com/ultralytics/ultralytics/security/advisories/GHSA-32hc-9xrg-cc9g, https://github.com/ossf/package-analysis/blob/main/pkg/analyzers/search/rules/rules.yaml#L196-L203",pypi.org,package host,source archive,"sha256:23d1f5dcec5d678a34a5947d615f3c3d31246e935bb8c93d9f7c790a23b19a8c, sha256:16b1a872b13c63c9a5d75cfb5cdec76a6a4fd95a7d42f5fc3ca3d40b78b80fe7, sha256:e2e05bdc1b2f22fef4a14d4fe4b4f21b8d15f83ceb4a9a4a21f5f6e02cb25a1c, sha256:6d01a5382b3b1f1c03d795aafc4830c2b8389cb0d5e30c9e0285e55af0a237eb"
unrealircd,UnrealIRCd distribution tarball backdoored for RCE,,The official distribution tarball for UnrealIRCd version 3.2.8.1 was replaced with a backdoored version on official download mirrors. The backdoor was hidden within the source code and allowed anyone to execute arbitrary commands with the privileges of the user running the IRC daemon by sending a specific AB;/COMMAND sequence to the server.,2009,2009-11-01,2010-06-12,Individual Hacker,Daemon,C,Compromised Infrastructure,Unauthorized Access/Control,false,distribution,Backdoor/Remote Code Execution,,"https://www.rapid7.com/db/modules/exploit/unix/irc/unreal_ircd_3281_backdoor/, https://lwn.net/Articles/392201/, https://arstechnica.com/information-technology/2010/06/unreal-ircd-backdoored-for-months/",3.2.8.1,,"ftp://ftp.unrealircd.com/Unreal3.2.8.1.tar.gz, http://mirror.unrealircd.org/Unreal3.2.8.1.tar.gz","https://cve.mitre.org/cgi-bin/cvename.cgi?name=CVE-2010-2075, https://www.rapid7.com/db/modules/exploit/unix/irc/unreal_ircd_3281_backdoor/",unrealircd.org,project download host,source archive,"md5:e5a4f00a16455005a45d969992173911, md5:63413f7a8ea69a077a810b588a4b0997"
vestacp,VestaCP build system compromise inserted remote backdoor,,"Attackers compromised infrastructure related to the Vesta Control Panel, allowing them to inject malicious code into update scripts or packages delivered to users. The malicious code executed commands, collected server passwords (including VestaCP admin and FTP passwords), and sent the stolen data to the attackers' server.",2018,2018-06-01,2018-06-12,Cybercriminal Gang,Daemon,Shell,Compromised Infrastructure,Credential Theft,false,distribution,Data Exfiltration,,"https://www.welivesecurity.com/2018/10/18/new-linux-chachaddos-malware-distributed-servers-vestacp-installed/, https://github.com/jsmeix/openSUSE-docs-vestacp/commit/21a1431f80e5c791cc3d5bbc8e09fceea0febc9e, https://krebsonsecurity.com/2013/06/the-value-of-a-hacked-email-account/",All versions receiving updates during the compromise window,,"https://vestacp.com/pub/vst-install.sh, https://vestacp.com/pub/vst-install-debian.sh","https://www.welivesecurity.com/2018/10/18/new-linux-chachaddos-malware-distributed-servers-vestacp-installed/, https://github.com/serghey-rodin/vesta/issues/1499",vestacp.com,project download host,source archive,"sha256:b9f1ffcbaf887c8ec4eb260ae1fdc25b07f4849d194388eee0707f9bf23c1bca, md5:35e9334ae8aef10c4a97e7cc90ff964d"
vsftpd,vsftpd official distribution site compromised distributing backdoor,,"The FTP server hosting the official vsftpd source code tarballs was compromised. For a brief period, the download for vsftpd version 2.3.4 was replaced with a version containing a backdoor. This backdoor opened a listening shell on TCP port 6200 when a username ending in ':)' was used to log in.",2011,2011-07-03,2011-07-03,Individual Hacker,Daemon,C,Compromised Infrastructure,Unauthorized Access/Control,false,distribution,Backdoor/Remote Code Execution,,"https://scarybeastsecurity.blogspot.com/2011/07/alert-vsftpd-download-backdoored.html, https://www.rapid7.com/db/modules/exploit/unix/ftp/vsftpd_234_backdoor/, https://www.computerworld.com/article/2518230/vsftpd-developer-confirms-backdoor-in-version-2-3-4.html",2.3.4,,"ftp://vsftpd.beasts.org/users/cevans/vsftpd-2.3.4.tar.gz, http://security.appspot.com/downloads/vsftpd-2.3.4.tar.gz","https://packetstormsecurity.com/files/154237/vsftpd-2.3.4-Backdoor.html, https://github.com/kennetham/The_Practical_Guide_for_Information_System_Security/blob/master/backdoor_vsftpd_234.c",security.appspot.com,project download host,source archive,"md5:a2bfd376c14ec3a83553c0c1aac0d1ff, sha1:26043b532863a0b354d0b7937ad7fed75c1b0a32"
webmin,Webmin SourceForge mirror distributes backdoor (2006),,A compromised SourceForge download mirror distributed a modified version of Webmin 1.290. This version contained a backdoor in `/usr/libexec/webmin/openiscsi/edit_args.cgi` that allowed remote command execution with root privileges via crafted HTTP requests.,2006,2006-08-10,2006-08-13,Individual Hacker,Daemon,Perl,Compromised Infrastructure,Unauthorized Access/Control,false,distribution,Backdoor/Remote Code Execution,,"https://www.webmin.com/exploit.html, https://www.theregister.com/2006/08/17/webmin_exploit/, https://isc.sans.edu/diary/Webmin+1.290+Backdoor/1614",1.290,,"https://sourceforge.net/projects/webadmin/files/webmin/1.290/webmin-1.290.tar.gz/download, http://nchc.dl.sourceforge.net/project/webadmin/webmin/1.290/webmin-1.290.tar.gz","https://isc.sans.edu/diary/Webmin+1.290+Backdoor/1614, https://www.webmin.com/exploit.html",sourceforge.net,package host,source archive,"md5:4586a745fe837e1b21a1d2f56bb5a81d, sha1:aa60916d5632e4adaac5b0fa01fb6a9b35f15cd6"
webmin,Webmin build infrastructure compromise inserts backdoor (2019),,The build infrastructure used to create official Webmin releases was compromised. Attackers modified source code (`useradmin/password_change.cgi`) to insert a backdoor allowing unauthenticated remote code execution via the password change form. This affected multiple official releases over several months.,2019,2019-04-17,2019-08-17,Individual Hacker,Daemon,Perl,Compromised Infrastructure,Unauthorized Access/Control,false,source,Backdoor/Remote Code Execution,,"https://pentest.com.tr/exploits/DEFCON-Webmin-1920-Unauthenticated-Remote-Command-Execution.html, https://www.webmin.com/exploit.html, https://nvd.nist.gov/vuln/detail/CVE-2019-15107","1.890, 1.900, 1.910, 1.920",,"https://sourceforge.net/projects/webadmin/files/webmin/1.920/webmin-1.920.tar.gz/download, https://prdownloads.sourceforge.net/webadmin/webmin-1.890.tar.gz","https://www.webmin.com/exploit.html, https://github.com/webmin/webmin/commit/1a1021d869f27e22c36d4b33b50293289faaa914",webmin.com,project download host,source archive,"sha256:049286261fbcd846142014f4a7782ab3243b1a7ae816a57468f5d2f8c2199b0c, md5:7e1d72249a9eec92f9c9dc69dcfbffb3"
When Dungeons Arise,When Dungeons Arise mod compromised with Fracturiser malware,https://github.com/Aureljz/When-Dungeons-Arise,"A developer account with publishing rights for the popular 'When Dungeons Arise' Minecraft mod on CurseForge was compromised. Attackers uploaded a malicious JAR file disguised as a legitimate update. This file contained the 'Fracturiser' malware, designed to steal credentials (Discord, Microsoft, Minecraft) and spread to other JAR files on the user's system.",2023,2023-05-01,2023-06-08,Cybercriminal Gang,Game Mod,Java,Compromised Account/Credentials,Credential Theft,false,distribution,Data Exfiltration,,"https://support.curseforge.com/en/support/solutions/articles/9000228509-june-2023-infected-mods-detection-tool-and-report, https://www.bitdefender.com/en-au/blog/labs/infected-minecraft-mods-lead-to-multi-stage-multi-platform-infostealer-malware",,,https://www.curseforge.com/minecraft/mc-mods/when-dungeons-arise,"https://github.com/fractureiser-investigation/fractureiser, https://www.bitdefender.com/en-au/blog/labs/infected-minecraft-mods-lead-to-multi-stage-multi-platform-infostealer-malware",curseforge.com,package host,binary archive,sha256:5584ac1f8b713d2f6310bd3cde425b775402fbc70e56e5e8d774bec15703ca79
wordpress,WordPress official download backdoored enabling remote execution (2.1.1),,"Shortly after its release, the official WordPress 2.1.1 download package (`.zip`) hosted on wordpress.org was compromised by attackers who gained access to a web server. Obfuscated malicious PHP code was injected into core files (`wp-includes/vars.php` and possibly `wp-includes/theme.php`), creating a backdoor. This backdoor allowed remote attackers to pass arbitrary PHP code via specific request parameters (like `ix` or `iz`) for execution on the server, effectively granting them control over sites that installed the compromised package. The WordPress team detected the compromise quickly, removed the malicious package, and released version 2.1.2 with fixes and additional security hardening.",2007,2007-02-21,2007-02-22,Individual Hacker,Daemon,PHP,Compromised Infrastructure,Unauthorized Access/Control,false,distribution,Backdoor/Remote Code Execution,,"https://wordpress.org/news/2007/03/upgrade-to-wordpress-212/, https://threatpost.com/wordpress-fixes-security-issues-in-core-engine-021622/21404/, https://www.thetechherald.com/tech-news/wordpress-211-infected-with-backdoor-code/",2.1.1,,"https://wordpress.org/wordpress-2.1.1.zip, https://wordpress.org/wordpress-2.1.1.tar.gz","https://blog.sucuri.net/2017/01/website-backdoor-wp-php-info.html, https://wpvulndb.com/vulnerabilities/6231",wordpress.org,project download host,source archive,"md5:9b2e021b99f71846a99db1f3975e108d, sha1:43e08637c4b60b9208ee160483f4e9241241bc5e"
wuftpd,wu-ftpd source distribution trojaned with backdoor,,The source code distribution for the popular wu-ftpd FTP server was modified by an attacker to include a backdoor. This trojaned version was then uploaded to the primary distribution site. The backdoor allowed attackers who knew the trigger mechanism to gain root privileges on systems that compiled and ran the compromised server.,1994,1994-03-28,1994-03-28,Individual Hacker,Daemon,C,Compromised Infrastructure,Unauthorized Access/Control,false,distribution,Backdoor/Remote Code Execution,,"https://www.cert.org/historical/advisories/CA-1994-07.cfm, https://web.archive.org/web/20030804000609/http://www.team.net/mjb/hawp/hacks/wuftpd.html",2.2,,"ftp://ftp.wustl.edu/packages/wuarchive-ftpd/wu-ftpd-2.2.tar.Z, ftp://ftp.cs.umn.edu/pub/wuftpd/wu-ftpd-2.2.tar.Z","https://www.cert.org/historical/advisories/CA-1994-07.cfm, https://web.archive.org/web/20030804000609/http://www.team.net/mjb/hawp/hacks/wuftpd.html",ftp.wustl.edu,project download host,source archive,md5:3e12b0efb95bcb97e5b58fb916323618
xzutils,"xz utils backdoor via social engineering, build modification",,"A sophisticated multi-year social engineering campaign resulted in an attacker gaining maintainership of xz utils. Malicious code was hidden in test files within the source repository and injected into the build process (configure script via m4 macro) only under specific conditions (x86-64 Linux, building .deb/.rpm with gcc/glibc). The backdoor targeted the OpenSSH server (sshd) linked against the compromised liblzma, enabling potential remote code execution by attackers possessing a specific private key.",2024,2024-02-24,2024-03-29,Nation-state,Library,Shell,Social Engineering,Espionage/Strategic Advantage,false,build automation,Backdoor/Remote Code Execution,,"https://nvd.nist.gov/vuln/detail/CVE-2024-3094, https://www.openwall.com/lists/oss-security/2024/03/29/4, https://research.swtch.com/xz-timeline, https://web.archive.org/web/20240402162054/https://www.cisa.gov/news-events/alerts/2024/03/29/reported-supply-chain-compromise-affecting-xz-utils-data-compression-library","5.6.0, 5.6.1","9c45a8548eda244bd2127e2d2ae1a943c1affb12, 61af4bc0f8cc25805e459cfa2ff011c80095daa6, 70e9b1960fa77c5e45e9fb60db65a8ef8e0f438e","https://github.com/tukaani-project/xz/releases/download/v5.6.0/xz-5.6.0.tar.gz, https://github.com/tukaani-project/xz/releases/download/v5.6.1/xz-5.6.1.tar.gz","https://github.com/tukaani-project/xz/tree/release-5.6.1, https://research.swtch.com/xz-backdoor, https://www.openwall.com/lists/oss-security/2024/03/29/4",github.com,code host,source archive,"sha256:64c34a523acb4925cf066c8e9ac66d53b0e7456e14364d12186616abc1e3c7ce, sha256:ae2c4f079373aca8bcaf96225defedc0db2274686bcbec5f9e2d2ba344569345"
