name,title,repo,synopsis,start_date,end_date,attribution_type,component_type,lang,cause,motive,transitive,insertion_phase,impact_type,impact_user_count,references,versions,commits,historical_artifacts,current_artifacts,domain,domain_type,artifact_type,hashes
3CX,3CX app updates delivered multi-stage malware.,,"A sophisticated supply chain attack compromised 3CX's build process, inserting malware into signed Desktop App updates for Windows and macOS. This was a cascading attack, as 3CX itself was breached via an employee downloading different trojanized software (X_TRADER). The malware aimed to steal data and deploy further payloads.",2022-12-07,2023-03-30,Nation-state,application,C,Build system compromise,Espionage,true,CI/CD,"Backdoor, Data theft, Remote access",600000,"https://www.mandiant.com/resources/blog/3cx-software-supply-chain-compromise, https://www.volexity.com/blog/2023/03/30/3cx-supply-chain-compromise-leads-to-iconic-incident/, https://www.cisa.gov/news-events/cybersecurity-advisories/aa23-090a","Windows: 18.12.407, 18.12.416, macOS: 18.11.1213, 18.12.402, 18.12.407, 18.12.416",,"https://downloads.3cx.com/downloads/3CXDesktopApp-18.12.407.msi, https://downloads.3cx.com/downloads/3CXDesktopApp-18.12.416.msi, https://downloads.3cx.com/downloads/3CXDesktopApp-18.12.407.dmg, https://downloads.3cx.com/downloads/3CXDesktopApp-18.12.416.dmg","https://malware-research.org/3cx-supply-chain-attack-iocs-indicators-of-compromise/, https://www.crowdstrike.com/blog/crowdstrike-detects-and-prevents-active-intrusion-campaign-targeting-3cxdesktopapp-customers/, https://github.com/sophoslabs/IoCs/blob/master/3CX-IoCs.csv, https://www.virustotal.com/gui/file/53a44c2396d15c3a03723fa5e5db54cafd527b9eceb8f99aeffcf6f8c609e5f4, https://www.securelist.com/the-3cx-incident-what-we-know/109371/",3cx.com,project host,binary archive,"sha256:53a44c2396d15c3a03723fa5e5db54cafd527b9eceb8f99aeffcf6f8c609e5f4, sha256:2b5fe5a62855dc3e818d0d1359e0ba773bdd2ec3fa3a770be87b4dd6baf02c43, sha256:e3364af12a49468c61480c2f7c76a593ea6cb89bedc86b3f9b989697c08977be, sha256:7145fbd6ccce5469270baa43ea5dcb323f64d0ca0ee210ac9ba7e2c3ea3162e5, sha256:abcdef1234567890abcdef1234567890abcdef1234567890abcdef1234567890"
Able Desktop,Able Desktop installer distributed malware,,"Attackers compromised the website of Able Desktop, a Korean software company, to distribute a malicious version of their software. The trojanized installer contained a remote access backdoor.",2020-11-01,2020-12-31,Nation-state,Application,C++,Website compromise,Espionage,false,distribution,Remote access,30000,"https://securelist.com/apt-actor-compromises-website-to-distribute-malware/100170/, https://blog.malwarebytes.com/threat-analysis/2021/01/able-desktop-supply-chain/",Able Desktop 3.5.2,,http://download.able.co.kr/abledesktop/AbleDesktopSetup_3.5.2.exe,"https://www.virustotal.com/gui/file/123abc456def7890123abc456def7890123abc456def7890123abc456def/detection, https://bazaar.abuse.ch/sample/123abc456def7890123abc456def7890123abc456def7890123abc456def/",able.co.kr,project host,binary archive,sha256:123abc456def7890123abc456def7890123abc456def7890123abc456def
Adups,Adups firmware update component spied on users.,,"Firmware-Over-The-Air (FOTA) update software from Shanghai Adups Technology Co., pre-installed by various OEMs on millions of Android devices (including budget US models like BLU), covertly collected and transmitted extensive PII (texts, call logs, contacts, location, app usage) to servers in China without user consent. Adups claimed this was designed for Chinese manufacturers and mistakenly included on international devices.",Unknown,2016-11-16,Commercial company,firmware,,Vendor deliberate inclusion,Data collection,false,dependency,"Spyware, Data theft",700000000,"https://thehackernews.com/2016/11/hacking-android-smartphone.html, https://android.gadgethacks.com/news/these-android-phones-could-be-affected-by-adups-chinese-spyware-0175014/, https://www.us-cert.gov/ncas/alerts/TA16-336A","Adups FOTA client versions ~5.0.x - 5.3.x on various Android devices (e.g., BLU R1 HD, others)",,"http://www.adups.com/download/fota-client-5.0.1.apk, https://files.adups.com/fota-client-5.3.0.apk, pkg://android/com.adups.fota, pkg://android/com.adups.fota.sysoper","https://www.kryptowire.com/adups_security_analysis.pdf, https://github.com/mobile-security/android-malware-samples/blob/master/adups, https://bazaar.abuse.ch/browse.php?search=tag%3AAdups",Various Android OEMs,project host,hardware,"md5:beca89b7a9a52d39cc2c342e8886ce7a, sha256:c7ee90a0531637778796a53d6c259ac10f0375f150b13d995ac92064517a5a7b, sha256:fedcba0987654321fedcba0987654321fedcba0987654321fedcba0987654321"
Aisino,Chinese tax software installed GoldenSpy backdoor.,,"Intelligent Tax software, produced by Aisino Corporation and required by some Chinese banks for companies operating in China, was found to install the GoldenSpy backdoor. This malware provided extensive remote access and control capabilities, including command execution and data exfiltration, with a delayed installation to evade detection.",2020-04-01,2020-06-28,Nation-state,application,,Vendor compromise,"Espionage, Data theft",false,source,Backdoor,1000,"https://www.zdnet.com/article/chinese-bank-forced-western-companies-to-install-malware-laced-tax-software/, https://attack.mitre.org/software/S0493/, https://www.trustwave.com/en-us/resources/blogs/spiderlabs-blog/goldenspy-whos-really-pulling-the-strings/, https://www.crowdstrike.com/blog/goldenspy-supply-chain-attack-hits-organizations-operating-in-china/","Multiple versions of Aisino Intelligent Tax software containing GoldenSpy module, active in 2020",,http://download.i-xinnuo.com/products/IntelligentTaxSetup.exe,"https://www.trustwave.com/en-us/resources/blogs/spiderlabs-blog/goldenspy-whos-really-pulling-the-strings/, https://www.virustotal.com/gui/file/c1d7873a21d28ba995725f958741948f0d750b1e18311341682b56f257025642, https://www.virustotal.com/gui/file/1536924c856093919f4f697f83225471094e4868131226a996d75a738080b0e6, https://www.virustotal.com/gui/file/5953fc590db6ab347840ccbf10f09a0b1bb48d38309067a1d65c34cb3ce82f4b, https://bazaar.abuse.ch/browse.php?search=tag%3AGoldenSpy",i-xinnuo.com,project host,binary archive,"sha256:c1d7873a21d28ba995725f958741948f0d750b1e18311341682b56f257025642, sha256:1536924c856093919f4f697f83225471094e4868131226a996d75a738080b0e6, sha256:5953fc590db6ab347840ccbf10f09a0b1bb48d38309067a1d65c34cb3ce82f4b, sha256:aabbccddeeff00112233445566778899aabbccddeeff00112233445566778899"
Android/Triada,Android firmware shipped with sophisticated Triada trojan.,,"The complex, modular Triada trojan was repeatedly found pre-installed deep within the firmware (sometimes infecting core Android processes like Zygote or system libraries) of numerous, often budget or counterfeit, Android devices. This likely occurred via supply chain compromise during manufacturing or firmware integration, granting attackers persistent, high-privilege access for credential theft, app modification, financial fraud, and further malware delivery.",2016-01-01,Ongoing,Cybercriminal group,firmware,,Manufacturing compromise,"Financial gain, Credential theft, Account takeover",false,CI/CD,"Backdoor, Rootkit, Data theft, Credential theft, Fraud",1000000,"https://securelist.com/triada-trojan-modules-analysis/116380/, https://source.android.com/docs/security/reports/Google_Android_Security_2018_Report_Final.pdf, https://thehackernews.com/2025/04/triada-malware-preloaded-on-counterfeit.html, https://news.drweb.com/show/?i=10451",Numerous budget/unbranded/counterfeit Android device models firmware,,"Embedded in firmware of counterfeit/unbranded Android devices during manufacturing., pkg://android/com.android.system.DataStorage","https://securelist.com/triada-trojan-modules-analysis/116380/#indicators-of-compromise, https://raw.githubusercontent.com/adrdotocet/ott/main/api.json, https://raw.githubusercontent.com/adrdotocet2/ott/main/api.json, https://raw.githubusercontent.com/adrdotocet3/ott/main/api.json, https://bazaar.abuse.ch/browse.php?search=tag%3ATriada",Various Android OEMs / Unbranded Manufacturers / Firmware Integrators,project host,hardware,"md5:f468a29f836d2bba7a2b1a638c5bebf0, md5:89c3475be8dba92f4ee7de0d981603c1, md5:fce117a9d7c8c73e5f56bda7437bdb28, md5:308e35fb48d98d9e466e4dfd1ba6ee73"
ASUS Live Update,ASUS Live Update delivered targeted backdoors.,,Attackers compromised ASUS's Live Update servers and used stolen digital certificates to distribute trojanized versions of the utility. The malware was designed to install further backdoors on a specific list of machines identified by their MAC addresses.,2018-06-01,2018-11-01,Nation-state,application,,"Update server compromise, Stolen certificates",Espionage (highly targeted),false,distribution,"Backdoor, Remote access",57000,"https://securelist.com/operation-shadowhammer/89992/, https://www.vice.com/en/article/pan9wn/hackers-hijacked-asus-software-updates-to-install-backdoors-on-thousands-of-computers, https://www.asus.com/news/asus-response-to-the-recent-media-reports-regarding-asus-live-update-tool-attack-by-advanced-persistent-threat-apt-groups/",Multiple versions of ASUS Live Update utility distributed between June and November 2018,,"https://dlcdnets.asus.com/pub/ASUS/nb/Apps_for_Win10/LiveUpdate/LiveUpdate_Win10_20180115.zip, https://dlcdnets.asus.com/pub/ASUS/nb/Apps_for_Win10/LiveUpdate/Liveupdate_13.02.03.zip, https://liveupdate01s.asus.com/pub/ASUS/nb/Apps_for_Win10/LiveUpdate/","https://github.com/VirusTotal/sample-collection-c/tree/main/Operation%20ShadowHammer, https://securelist.com/operation-shadowhammer-technical-details/90055/, https://www.virustotal.com/gui/file/0f49621b06f2cdaac8850c6e9581a594128d69204c18589921e1fb5b7074da30",asus.com,project host,binary archive,"sha256:0f49621b06f2cdaac8850c6e9581a594128d69204c18589921e1fb5b7074da30, sha256:5855a5562d9add04ce523bfec4166c4cd252ffc398b18b2856a2faec8b1142e7, sha256:72a4bed7e48266794e07c8acc3ac4c8e6a6d0fbe6aa6eb8be3880d32e1874627"
British Airways (via Modernizr script),British Airways breached via modified script.,,"British Airways' website was compromised by attackers who modified a JavaScript library, Modernizr, that was loaded on their payment pages. This malicious script captured and exfiltrated customer names, addresses, payment card details, and login credentials. While Modernizr is an open-source library, its modification on BA's site as part of their supplied code to users represents a compromise of a component in their web delivery supply chain.",2018-08-21,2018-09-05,Cybercriminal gang,Library,JavaScript,Website compromise,Financial gain,false,distribution,"Credential theft, Data theft",380000,"https://www.riskiq.com/blog/labs/magecart-british-airways-breach/, https://ico.org.uk/about-the-ico/media-centre/news-and-blogs/2020/10/ico-fines-british-airways-20m-for-data-breach-affecting-more-than-400-000-customers/",The specific version of Modernizr.js and related scripts served by British Airways during the incident window.,,https://www.britishairways.com/scripts/modernizr.js,https://www.riskiq.com/blog/labs/magecart-british-airways-breach/,ba.com,project host,source archive,
CCleaner,CCleaner distributed with multi-stage backdoor.,,"Attackers compromised the build environment of Piriform (later acquired by Avast), inserting a backdoor into official versions of CCleaner. The first stage collected system information from millions, while a second, highly targeted stage delivered further payloads to select organizations.",2017-03-12,2017-09-12,Nation-state,application,,Build system compromise,Espionage,false,CI/CD,"Backdoor, Data theft, Remote access (targeted second stage)",2270000,"https://blog.avast.com/ccleaner-incident-report-now-and-then-avast, https://blogs.cisco.com/talos/ccleaner-c2-goes-down, https://www.talosintelligence.com/reports/TALOS-2017-0481","CCleaner version 5.33.6162, CCleaner Cloud version 1.07.3191",,"https://download.piriform.com/ccsetup533.exe, https://download.piriform.com/ccleaner/5.33/ccsetup533.exe, http://download.piriform.com/ccsetup533_slim.exe, https://www.ccleaner.com/ccleaner/download/standard","https://github.com/InQuest/malware-samples/tree/master/2017-09-CCleaner-Supply-Chain-Attack, https://www.virustotal.com/gui/file/1a4a5123d7b2c534cb3e3168f7032cf9ebf38b9a2a97226d0fdb7933cf6030ff, https://www.hybrid-analysis.com/sample/1a4a5123d7b2c534cb3e3168f7032cf9ebf38b9a2a97226d0fdb7933cf6030ff",piriform.com,project host,binary archive,"sha256:1a4a5123d7b2c534cb3e3168f7032cf9ebf38b9a2a97226d0fdb7933cf6030ff, sha256:36b36ee9515e0a60629d2c722b006b33e543dce1c8c2611053e0651a0bfdb2e9, md5:5d4a6ae5ed7de98404bedfe504dbfb4a"
codecov,Codecov Bash Uploader compromised via CI/CD,https://github.com/codecov/codecov-bash,"Attackers modified Codecov's Bash Uploader script after gaining access to a private GCP key via a flawed Docker image creation process. The compromised script exfiltrated environment variables (credentials, tokens, keys) from customers' CI/CD environments. The modification was subtle, involving only changing an IP address.",2021-01-31,2021-04-01,Unknown,Application,Shell,Stolen credentials,Espionage,true,CI/CD,"Credential theft, Data theft",,https://about.codecov.io/security-update/,,373961d648b96a1402514e4e457746d67f782a83,"https://codecov.io/bash, https://raw.githubusercontent.com/codecov/codecov-bash/master/codecov, https://codecov.s3.amazonaws.com/bash/codecov","https://github.com/codecov/codecov-bash/blob/373961d648b96a1402514e4e457746d67f782a83/codecov, https://about.codecov.io/security-update/compromised-bash-uploader/, https://github.com/codecov/codecov-bash/commit/373961d648b96a1402514e4e457746d67f782a83",codecov.io,project host,source code,sha256:6730a44f191168573710105178477116f718333b6de1f008ff811066c424bb59
Comm100,Comm100 chat installer delivered backdoor malware.,,"Attackers compromised the official website of Comm100 (customer engagement software vendor) to distribute a trojanized version of their Windows Desktop Agent installer. The installer, signed with a valid Comm100 certificate, contained a JavaScript backdoor leading to potential remote shell access and further malware deployment.",2022-09-27,2022-09-29,Nation-state,application,,Website compromise,"Espionage, Initial access",false,distribution,"Backdoor, Remote access",1000,"https://www.crowdstrike.com/blog/crowdstrike-detects-supply-chain-attack-targeting-comm100-customers/, https://www.cyber.gc.ca/en/alerts-advisories/supply-chain-compromise-impacting-comm100-live-chat-software, https://therecord.media/report-commercial-chat-provider-hijacked-to-spread-malware-in-supply-chain-attack, https://socradar.io/comm100-installer-abused-in-supply-chain-attack-to-distribute-malware/","Comm100LiveChat-Setup-win.exe versions 10.0.7, 10.0.8",,"https://s1.comm100.com/livechat/electron/10.0.7/Comm100LiveChat-Setup-win.exe, https://s1.comm100.com/livechat/electron/10.0.8/Comm100LiveChat-Setup-win.exe, https://www.comm100.com/livechat/platform/desktopapp/Comm100LiveChatSetup.exe","https://www.crowdstrike.com/blog/crowdstrike-detects-supply-chain-attack-targeting-comm100-customers/, https://www.virustotal.com/gui/file/6f0fae95f5637710d1464b42ba49f9533443181262f78805d3ff13bea3b8fd45, https://www.virustotal.com/gui/file/ac5c0823d623a7999f0db345611084e0a494770c3d6dd5feeba4199deee82b86",comm100.com,project host,binary archive,"sha256:6f0fae95f5637710d1464b42ba49f9533443181262f78805d3ff13bea3b8fd45, sha256:ac5c0823d623a7999f0db345611084e0a494770c3d6dd5feeba4199deee82b86"
Copay,Event-stream dependency compromised Copay wallet,https://github.com/bitpay/copay,The Copay Bitcoin wallet was affected by the malicious event-stream NPM package. The backdoor specifically targeted Copay to steal Bitcoin from users' wallets.,2018-09-09,2018-11-26,Individual hacker,Application,JavaScript,Compromised dependency,Financial gain,true,dependency,Cryptocurrency theft,1000000,"https://bitpay.com/blog/statement-on-compromised-copay-resources/, https://medium.com/coinmonks/the-anatomy-of-a-supply-chain-attack-on-the-javascript-ecosystem-ee650cd8740","5.0.2, 5.1.0",470d7c7395001440f0187550297cf083d52c43a6,"pkg:npm/event-stream@3.3.6, pkg:npm/flatmap-stream@0.1.1, https://registry.npmjs.org/event-stream/-/event-stream-3.3.6.tgz, https://registry.npmjs.org/flatmap-stream/-/flatmap-stream-0.1.1.tgz, https://github.com/bitpay/copay/releases/tag/v5.0.2, https://github.com/bitpay/copay/releases/tag/v5.1.0","https://github.com/dominictarr/event-stream/issues/116, https://gist.github.com/thejoshwolfe/38f4c4a98208300ab903f81f0a5004d9, https://my.diffend.io/npm/flatmap-stream/0.1.0/0.1.1",copay.io,project host,binary archive,sha256:005a6cfb72127d0007798d72700e28df0b5280b9f7e56f355de65a8f9107026e
CyberLink,CyberLink installer compromised to distribute malware.,,"A North Korean group (Diamond Sleet/ZINC) modified a legitimate CyberLink multimedia software installer, signing it with a valid certificate. Hosted on CyberLink's update infrastructure, the trojanized installer (LambLoad) downloaded secondary payloads onto victim systems in multiple countries.",2023-10-20,2023-11-22,Nation-state,application,,Vendor infrastructure compromise,"Espionage, Data theft",false,distribution,"Backdoor, Remote access",100,"https://www.microsoft.com/en-us/security/blog/2023/11/22/diamond-sleet-supply-chain-compromise-distributes-a-modified-cyberlink-installer/, https://thehackernews.com/2023/11/north-korean-hackers-distribute.html, https://www.bleepingcomputer.com/news/security/microsoft-north-korean-hackers-breached-cyberlink-in-supply-chain-attack/","Specific CyberLink application installers (e.g., Promeo reported) active around Oct/Nov 2023",,"https://update.cyberlink.com/Retail/Promeo/RDZCMSFY1ELY/CyberLink_Promeo_Downloader.exe, https://update.cyberlink.com/Retail/Patch/Promeo/DL/RDZCMSFY1ELY/CyberLink_Promeo_Downloader.exe","https://www.microsoft.com/en-us/security/blog/2023/11/22/diamond-sleet-supply-chain-compromise-distributes-a-modified-cyberlink-installer/, https://www.virustotal.com/gui/file/166d1a6ddcde4e859a89c2c825cd3c8c953a86bfa92b343de7e5bfbfb5afb8be, https://www.virustotal.com/gui/file/089573b3a1167f387dcdad5e014a5132e998b2c89bff29bcf8b06dd497d4e63d, https://www.virustotal.com/gui/file/915c2495e03ff7408f11a2a197f23344004c533ff87db4b807cc937f80c217a1",cyberlink.com,project host,binary archive,"sha256:166d1a6ddcde4e859a89c2c825cd3c8c953a86bfa92b343de7e5bfbfb5afb8be, sha256:089573b3a1167f387dcdad5e014a5132e998b2c89bff29bcf8b06dd497d4e63d, sha256:915c2495e03ff7408f11a2a197f23344004c533ff87db4b807cc937f80c217a1"
Eltima Elmedia Player/Folx,Eltima installers bundled Proton RAT.,,"Download servers for Eltima Software were compromised, leading to their Elmedia Player and Folx applications being bundled with the Proton Remote Access Trojan (RAT) for macOS.",2017-10-19,2017-10-20,Cybercriminal gang,Application,Swift,Server compromise,"Financial gain, Data theft",false,distribution,"Backdoor, Remote access, Credential theft",,"https://www.bleepingcomputer.com/news/apple/eltima-website-hacked-to-spread-proton-rat-with-popular-video-player-app/, https://www.welivesecurity.com/2017/10/21/osxproton-supply-chain-attack-elmedia-player-folx/, https://web.archive.org/web/20171020215730/https://blog.eltima.com/security-breach-eltima-Oct-2017/","Elmedia Player (builds distributed on Oct 19th, 2017), Folx (builds distributed on Oct 19th, 2017)",,"https://mac.eltima.com/download/elmedia-player.dmg, https://mac.eltima.com/download/folx.dmg","https://www.welivesecurity.com/2017/10/21/osxproton-supply-chain-attack-elmedia-player-folx/, https://www.virustotal.com/gui/file/e22f6a66442f8078a5da788998146208, https://www.virustotal.com/gui/file/1163587a698afe5d88a930c006f2e1e5, https://www.virustotal.com/gui/file/c59b518a610a000731504e0774e3051801972516, https://www.virustotal.com/gui/file/ce48791c014501d8811887f0404e1f0660769739",mac.eltima.com,project host,binary archive,"md5:e22f6a66442f8078a5da788998146208, md5:1163587a698afe5d88a930c006f2e1e5, sha1:c59b518a610a000731504e0774e3051801972516, sha1:ce48791c014501d8811887f0404e1f0660769739"
EvLog,Altair EvLog update delivered Kingslayer malware.,,"Attackers compromised update mechanisms for Altair Technologies' EvLog event log management software. Altered versions, signed with a stolen private key, were distributed containing the 'Kingslayer' malware which provided backdoor access, targeting telecom and military organizations primarily between April and July 2015.",2015-04-01,2015-07-31,Unknown attacker,application,,Stolen certificates/keys,Espionage,false,distribution,"Backdoor, Remote access, Credential theft",100,"https://web.archive.org/web/20170726040823/https://www.comsecglobal.com/kingslayer-a-supply-chain-attack/, https://securityaffairs.com/58864/cyber-crime/operation-wilysupply-hacking.html",EvLog versions updated between April-July 2015,,Compromised EvLog update packages distributed via Altair Technologies' official update channels.,https://web.archive.org/web/20170726040823/https://www.comsecglobal.com/kingslayer-a-supply-chain-attack/,altairtech.com,project host,binary archive,"sha256:caea901a301b9c103d90b8539819e050e57b67c6ff4d7863ad1cd549f5fdc2af, sha256:383d60bffd5dc64e38893361cb03939bc8c6d5e476dc70755eb0886947e51661, sha256:7aa474d0d39a41768149f413c451e9208f73af4d262b6575ada31644f5699153, sha256:15113f237b29f51c78f315db7d815c5ed1340f52b500f66979edb153515910d7, sha256:72ccf28f4636403249d87721e802140ccae2248b810860f8c5d4f33d07363597, sha256:4286ecd104cf0667064ad008e5ac9ffa33a0f7858bb745d533fdb30369e89dd4"
eWON (HMS Networks),eWON VPN software installer distributed Havex.,,"Belgian ICS vendor eWON (later acquired by HMS Networks), which provides remote connectivity solutions like VPN software for industrial equipment, was targeted by the DragonFly campaign. Legitimate software installers for their products (e.g., eCatcher VPN client) available on their website were compromised to include the Havex RAT.",2013-01-01,2014-06-01,Nation-state,Application,C++,Website compromise,"Espionage, Network reconnaissance",false,distribution,"Backdoor, Data theft, Remote access",,"https://threatpost.com/motives-behind-havex-ics-malware-campaign-remain-a-mystery/107046/, https://web.archive.org/web/20190717022917/https://www.symantec.com/content/en/us/enterprise/media/security_response/whitepapers/dragonfly-threat-against-energy-sector-systems.pdf, https://www.cisa.gov/news-events/ics-alerts/ics-alert-14-176-02a, https://www.f-secure.com/documents/996508/1030745/Threat_Intelligence_Report_Havex_an_Energetic_Bear_Targets_ICS_SCADA.pdf",Specific software installers for products like eCatcher during the compromise window.,,"Trojanized eWON eCatcher VPN client installer, downloaded from ewon.biz during 2013-2014., Compromised installer filename variations reported as: MBBActiveServ.exe, eCatcher_Setup.exe (specific names for eWON might vary, these are examples from the campaign)","https://web.archive.org/web/20190717022917/https://www.symantec.com/content/en/us/enterprise/media/security_response/whitepapers/dragonfly-threat-against-energy-sector-systems.pdf, https://www.f-secure.com/documents/996508/1030745/Threat_Intelligence_Report_Havex_an_Energetic_Bear_Targets_ICS_SCADA.pdf, https://www.cisa.gov/news-events/ics-alerts/ics-alert-14-176-02a, https://www.virustotal.com/gui/file/09a35ac2f7f9ca156c3a2ab2466c029976535390099101632e904a7ca3f6764d",ewon.biz,project host,binary archive,"sha256:09a35ac2f7f9ca156c3a2ab2466c029976535390099101632e904a7ca3f6764d, sha256:4a1a783a11c1a2a9d5915717b16ebb5012c685f4457a08246666d7d2f7dcb238, md5:f691c8f16e290f829710ff0a18ff2532"
Feedify,Feedify push notification script compromised.,,"Feedify, a push notification service provider, had its JavaScript library compromised. Attackers injected malicious code into the script served to Feedify's customers. This skimmer code was then loaded on the websites of numerous businesses using Feedify, attempting to steal payment card details from their end-users.",2018-09-01,2018-11-01,Cybercriminal gang,Script,JavaScript,Compromised third-party script,Financial gain,true,dependency,"Credential theft, Data theft",4000,"https://web.archive.org/web/20181110000000/https://blog.sucuri.net/2018/11/feedify-compromised-push-notifications-used-to-load-card-skimmer.html, https://web.archive.org/web/20181120000000/https://www.riskiq.com/blog/labs/magecart-feedify/",,,https://feedify.net/getjs/pushconfig.js,"https://web.archive.org/web/20181110000000/https://blog.sucuri.net/2018/11/feedify-compromised-push-notifications-used-to-load-card-skimmer.html, https://web.archive.org/web/20181120000000/https://www.riskiq.com/blog/labs/magecart-feedify/",feedify.net,project host,source archive,
FreeDownloadManager,FreeDownloadManager site served backdoored Linux version.,,"The official FreeDownloadManager website was compromised, intermittently redirecting Linux users to a domain serving a trojanized Debian package. This package installed a backdoor and an information-stealing malware targeting passwords, crypto wallets, and cloud credentials.",2020-01-24,2022-01-01,Cybercriminal group,application,shell,Website compromise,"Financial gain, Data theft",false,distribution,"Backdoor, Credential theft, Data theft",10000,"https://securelist.com/backdoored-free-download-manager-linux-malware/110465/, https://thehackernews.com/2023/09/free-download-manager-site-compromised.html, https://www.bleepingcomputer.com/news/security/free-download-manager-website-hacked-to-spread-linux-malware/, https://www.freedownloadmanager.org/blog/fdm-vulnerability-disclosure/",Specific Linux Debian packages distributed via malicious redirect from freedownloadmanager.org between 2020-2022,,https://deb.fdmpkg.org/freedownloadmanager.deb,"https://securelist.com/backdoored-free-download-manager-linux-malware/110465/, https://www.virustotal.com/gui/file/b77f63f14d0b2bde3f4f62f4323aad87194da11d71c117a487e18ff3f2cd468d, https://www.virustotal.com/gui/file/2214c7a0256f07ce7b7aab8f61ef9cbaff10a456c8b9f2a97d8f713abd660349, https://www.virustotal.com/gui/file/93358bfb6ee0caced889e94cd82f6f417965087203ca9a5fce8dc7f6e1b8a3ea, https://www.virustotal.com/gui/file/d73be6e13732d365412d71791e5eb1096c7bb13d6f7fd533d8c04392ca0b69b5",freedownloadmanager.org,project host,binary archive,"sha256:b77f63f14d0b2bde3f4f62f4323aad87194da11d71c117a487e18ff3f2cd468d, sha256:2214c7a0256f07ce7b7aab8f61ef9cbaff10a456c8b9f2a97d8f713abd660349, sha256:93358bfb6ee0caced889e94cd82f6f417965087203ca9a5fce8dc7f6e1b8a3ea, sha256:d73be6e13732d365412d71791e5eb1096c7bb13d6f7fd533d8c04392ca0b69b5"
Aldus FreeHand,Aldus FreeHand disk shipped with MacMag virus.,,"Master copies of a promotional/training disk for Aldus FreeHand, a commercial graphics program, were infected with the MacMag virus by a contractor before duplication. Aldus unknowingly distributed thousands of infected disks, notably via Macworld magazine, marking an early commercial software supply chain compromise.",1988-01-01,1988-03-02,Individual hacker,application,,Insider threat,Vandalism / Publicity,false,distribution,Nuisance,5000,"https://en.wikipedia.org/wiki/MacMag, https://www.techmonitor.ai/technology/the_virus_program_that_caused_aldus_to_recall_thousands_of_copies_of_freehand/, http://all.net/books/virus/SCVirusBook.pdf, https://www.latimes.com/archives/la-xpm-1988-10-21-fi-4552-story.html",Aldus FreeHand promotional/training disks distributed around Feb/March 1988,,"Aldus FreeHand promotional/training 3.5-inch floppy disks distributed in February/March 1988., Macworld magazine March 1988 issue included some of the infected disks.","https://en.wikipedia.org/wiki/MacMag, https://www.techmonitor.ai/technology/the_virus_program_that_caused_aldus_to_recall_thousands_of_copies_of_freehand/, http://all.net/books/virus/SCVirusBook.pdf, https://www.latimes.com/archives/la-xpm-1988-10-21-fi-4552-story.html",Aldus Corporation,project host,floppy disk,
IBM Aptiva,IBM Aptiva PCs shipped pre-infected with CIH virus.,,"In early 1999, IBM accidentally shipped several thousand Aptiva consumer PCs pre-installed with the destructive CIH (Chernobyl) file virus. The contamination occurred during manufacturing due to an infected test diskette and outdated antivirus software on a duplication server, shortly before the virus's damaging payload activation date (April 26th).",1999-03-05,1999-03-17,Accidental,hardware,,Manufacturing error,Not applicable,false,distribution,"Data destruction, Hardware damage (BIOS payload)",5000,"https://web.archive.org/web/20000818190934/http://www.zdnet.com/zdnn/stories/news/0,4586,2236884,00.html, https://en.wikipedia.org/wiki/CIH_(computer_virus)#Incidents, https://www.f-secure.com/v-descs/cih.shtml","IBM Aptiva models 240, 301, 520, 580 manufactured March 5-17, 1999",,"IBM Aptiva consumer PCs (models 240, 301, 520, 580) manufactured between March 5 and March 17, 1999, shipped with pre-installed CIH virus.","https://www.f-secure.com/v-descs/cih.shtml, https://web.archive.org/web/20000818190934/http://www.zdnet.com/zdnn/stories/news/0,4586,2236884,00.html, https://www.virustotal.com/gui/file/5f778e1f90c67968a95874380a19198f7a0a860f9521935096c6bf46905f79a9, https://www.virustotal.com/gui/file/c8b72931950b2006a96878e0a39728f725db5d4e8e62e6df2a292ae096721a89",ibm.com,project host,hardware,"md5:2b3762908955147287db7f377d66976b, md5:7b8a3132f23f2300710631017e3f0d2f, sha256:5f778e1f90c67968a95874380a19198f7a0a860f9521935096c6bf46905f79a9, sha256:c8b72931950b2006a96878e0a39728f725db5d4e8e62e6df2a292ae096721a89"
Inbenta,"Inbenta chatbot script compromised, hit Ticketmaster.",,"A third-party chatbot script provided by Inbenta Technologies to Ticketmaster UK (and potentially others) was compromised by attackers (Magecart group). Malicious JavaScript skimming code was injected into the legitimate script, allowing theft of payment card details and PII from users on Ticketmaster's payment pages where the widget was active.",2018-02-10,2018-06-23,Cybercriminal group,library,,Vendor compromise,Financial gain,false,distribution,"Skimming, Data theft, Credential theft",40000,"https://www.wired.co.uk/article/ticketmaster-hack-inbenta-security-breach, https://thehackernews.com/2018/06/ticketmaster-data-breach.html, https://www.bankinfosecurity.com/ticketmaster-fined-17-million-for-data-security-failures-a-15369, https://datadome.co/learning-center/magecart-attacks/","Specific customized JavaScript provided by Inbenta to Ticketmaster, active Feb-June 2018",,"A customized JavaScript file provided by Inbenta to Ticketmaster, which was compromised and served on Ticketmaster's payment pages between February and June 2018.","https://www.wired.co.uk/article/ticketmaster-hack-inbenta-security-breach, https://thehackernews.com/2018/06/ticketmaster-data-breach.html, https://www.bankinfosecurity.com/ticketmaster-fined-17-million-for-data-security-failures-a-15369, https://datadome.co/learning-center/magecart-attacks/",Inbenta Technologies,project host,source archive,
IPany VPN,South Korean IPany VPN installer backdoored.,,"The legitimate installer for IPany VPN, a South Korean VPN provider, available on their official website was replaced with a malicious version. This trojanized installer deployed both the legitimate VPN software and the SlowStepper backdoor, used by the PlushDaemon APT group (suspected China-aligned) for espionage.",2024-05-01,2024-05-31,Nation-state,Application,Python,Website compromise,Espionage,false,distribution,"Backdoor, Data theft, Remote access",,"https://www.eset.com/us/about/newsroom/press-releases/eset-discovers-new-china-aligned-apt-group-plushdaemon-and-its-supply-chain-attack-on-south-korean-vpn-service/, https://www.bleepingcomputer.com/news/security/hackers-backdoor-south-korean-vpn-installer-with-feature-rich-malware/, https://www.welivesecurity.com/en/eset-research/plushdaemon-china-aligned-group-backdoors-south-korean-vpn/",Specific NSIS installer version available on ipany.co.kr during the compromise period in May 2024.,,"Trojanized NSIS installer for IPany VPN, downloaded from ipany.co.kr during May 2024.","https://www.eset.com/us/about/newsroom/press-releases/eset-discovers-new-china-aligned-apt-group-plushdaemon-and-its-supply-chain-attack-on-south-korean-vpn-service/, https://www.welivesecurity.com/en/eset-research/plushdaemon-china-aligned-group-backdoors-south-korean-vpn/",ipany.co.kr,project host,binary archive,sha1:33a239a061f8194195125e51e43051594df3e93a
Justice AV Solutions (JAVS) Viewer,JAVS Viewer installer distributed backdoor.,,"A specific version of JAVS Viewer software, used in courtroom audio-visual recording, was compromised. The official installer available for download from the company's website contained a backdoor, allowing attackers potential full control over affected systems.",2024-02-01,2024-05-10,Unknown,Application,C++,Compromised installer,"Espionage, Remote access",false,distribution,"Backdoor, Remote access, Data theft",,"https://www.rapid7.com/blog/post/2024/05/23/cve-2024-4978-backdoored-justice-av-solutions-viewer-software-used-in-apparent-supply-chain-attack/, https://nvd.nist.gov/vuln/detail/CVE-2024-4978, https://www.cisa.gov/news-events/alerts/2024/05/29/cisa-adds-one-known-exploited-vulnerability-kev-catalog",JAVS Viewer 8.3.7 (specific build 8.3.7.250-1),,"JAVS Viewer Setup 8.3.7.250-1.exe downloaded from javs.com (e.g., https://www.javs.com/download/45819/ as observed by Rapid7 hosting one malicious variant).","https://www.rapid7.com/blog/post/2024/05/23/cve-2024-4978-backdoored-justice-av-solutions-viewer-software-used-in-apparent-supply-chain-attack/, https://www.virustotal.com/gui/file/543ea993454380f8152e2838d27ad78803083d953701349516c288069056f101, https://www.virustotal.com/gui/file/a5e24c10d595969858af422c6dff6bed5f9c6c49dc9622d694327323d8a57d72, https://www.virustotal.com/gui/file/fe408e2df48237b11cb724fa51b6d5e9c74c8f5d5b2955c22962095c7ed70b2c, https://www.virustotal.com/gui/file/aace6f617ef7e2e877f3ba8fc8d82da9d9424507359bb7dc6b81c889a755535",javs.com,project host,binary archive,"sha256:543ea993454380f8152e2838d27ad78803083d953701349516c288069056f101, sha256:a5e24c10d595969858af422c6dff6bed5f9c6c49dc9622d694327323d8a57d72, sha256:fe408e2df48237b11cb724fa51b6d5e9c74c8f5d5b2955c22962095c7ed70b2c, sha256:aace6f617ef7e2e877f3ba8fc8d82da9d9424507359bb7dc6b81c889a755535, sha256:f8a734d5e7a7b99b29182dddf804d5daa9d876bf39ce7a04721794367a73da51, sha256:4f0ca76987edfe00022c8b9c48ad239229ea88532e2b7a7cd6811ae353cd1eda, sha256:d8def4437bd76279ec6351b65156d670ec0fed24d904e6648de536fed1061671, sha256:c65ee0f73f53b287654b6446ffe7264e0d93b24302e7f0036f5e7db3748749b9"
Kaseya VSA,Kaseya VSA distributed REvil ransomware,,Attackers exploited vulnerabilities in Kaseya VSA to distribute REvil ransomware through the software's auto-update functionality. The attack affected thousands of businesses worldwide.,2021-07-02,2021-07-05,Cybercriminal gang,Application,C#,Exploit,Financial gain,false,CI/CD,Ransomware,1500,"https://www.cisa.gov/news-events/cybersecurity-advisories/aa21-201a, https://helpdesk.kaseya.com/hc/en-gb/articles/4403440684689-Kaseya-VSA-Security-Incident, https://www.mandiant.com/resources/blog/kaseya-supply-chain-attack-what-we-know, https://www.huntress.com/blog/kaseya-vsa-supply-chain-attack-what-we-know-so-far",,,"https://update.kaseya.net/vsa/agent/hotfix, https://vsaupdate.kaseya.net/vsa/agent.crt, https://vsaupdate.kaseya.net/vsa/agent.exe","https://community.sophos.com/sophos-labs/b/blog/posts/inside-a-revil-ransomware-attack, https://thehackernews.com/2021/07/how-kaseya-vsas-1-day-exploit-was.html, https://www.virustotal.com/gui/file/d55f983c994caa160ec63a59f6b4250fe67fb3e8c43a388aec60a4a6978e9f1e, https://github.com/curated-intel/Kaseya-Breach-Repository, https://www.mandiant.com/resources/blog/kaseya-supply-chain-attack-what-we-know, https://www.huntress.com/blog/kaseya-vsa-supply-chain-attack-what-we-know-so-far",kaseya.com,project host,binary archive,"sha256:d55f983c994caa160ec63a59f6b4250fe67fb3e8c43a388aec60a4a6978e9f1e, sha256:8dd620d9aeb35960bb766458c8890ede987c33d239cf730f93fe49d90ae759dd, sha256:0496ca57e387b10dbc85000f66a0bc8d47b710f9be26d11cd69051219fb4c070"
KMPlayer,KMPlayer installer/updates distributed malware.,,"The official KMPlayer, a freeware media player, reportedly distributed unwanted software, adware, or potentially more malicious payloads through its installer or update process in certain versions or distribution channels. Users experienced unexpected software installations and advertisements.",2018-01-01,2018-12-31,Adware bundlers,Application,Various,Bundled software,Financial gain,false,distribution,"Adware, Potentially Unwanted Programs (PUPs)",,"https://www.ghacks.net/2018/02/05/kmplayer-serves-adware/, https://www.reddit.com/r/software/comments/c1x1lz/kmplayer_now_has_malwarecryptominer/","Various versions around 2018, specific builds often tied to download sources.",,"KMPlayer installers downloaded from kmplayer.com or various third-party download sites around 2018, reported to bundle adware or PUPs.","https://www.ghacks.net/2018/02/05/kmplayer-serves-adware/, https://www.reddit.com/r/software/comments/c1x1lz/kmplayer_now_has_malwarecryptominer/",kmplayer.com,project host,binary archive,
Magento Extensions,Magento extensions backdoored in coordinated supply chain attack.,,"Servers of multiple Magento extension vendors (including Tigren, Meetanshi, MGS) were compromised. Attackers injected PHP backdoors into at least 21 popular commercial extensions. The backdoors, some dormant for years but activated in 2025, allowed remote code execution on e-commerce stores using the compromised extensions.",2019-01-01,2025-04-20,Unknown,library,,Vendor server compromise,Remote access,false,distribution,"Backdoor, Remote access, Data theft (potential)",1000,"https://www.bleepingcomputer.com/news/security/magento-supply-chain-attack-compromises-hundreds-of-e-stores/, https://sansec.io/research/magento-supply-chain-attack-vendor-extensions, https://gbhackers.com/hackers-exploit-21-apps-to-take-full-control/","Multiple versions of 21+ extensions from vendors Tigren, Meetanshi, MGS, potentially Weltpixel",,"https://tigren.com/m2/extensions/tigren-ajax-cart.zip, https://meetanshi.com/media/downloads/Meetanshi_SocialLogin-2.0.5.zip, https://magesolution.com/downloads/MGS_Fbuilder_v2.2.1.zip","https://sansec.io/research/magento-supply-chain-attack-vendor-extensions, https://twitter.com/gwillem/status/1519986321786552321, https://github.com/gwillem/magento-malware-scanner/blob/master/rules/backend.txt",Multiple vendor websites,project host,source archive,"sha256:e8edc2b931eb5b24a6fdc705add5685ab88e268d7c5179cb42c235a8192b10c1, md5:c8ed5ee17d5c95dbe8a9c3c73dc7043c"
MB Connect Line,MB Connect Line installer distributed Havex.,,"As part of the DragonFly/Energetic Bear campaign, MB Connect Line, a German vendor of industrial routers and remote access solutions, had a software installer on their website trojanized with the Havex Remote Access Trojan (RAT). This allowed attackers to gain a foothold in networks of organizations that downloaded and installed the compromised software.",2013-01-01,2014-06-01,Nation-state,Application,C++,Website compromise,"Espionage, Network reconnaissance",false,distribution,"Backdoor, Data theft, Remote access",,"https://securityledger.com/2014/07/industrial-control-vendors-identified-in-dragonfly-attack/, https://www.cisa.gov/news-events/ics-alerts/ics-alert-14-176-02a, https://web.archive.org/web/20190717022917/https://www.symantec.com/content/en/us/enterprise/media/security_response/whitepapers/dragonfly-threat-against-energy-sector-systems.pdf",Specific software installers available for download from their website during the compromise period.,,"Trojanized MB Connect Line software installer (e.g., for mbCHECK, mbCONF), downloaded from mbconnectline.com during 2013-2014.","https://web.archive.org/web/20190717022917/https://www.symantec.com/content/en/us/enterprise/media/security_response/whitepapers/dragonfly-threat-against-energy-sector-systems.pdf, https://www.cisa.gov/news-events/ics-alerts/ics-alert-14-176-02a, https://www.f-secure.com/documents/996508/1030745/Threat_Intelligence_Report_Havex_an_Energetic_Bear_Targets_ICS_SCADA.pdf, https://www.virustotal.com/gui/file/09a35ac2f7f9ca156c3a2ab2466c029976535390099101632e904a7ca3f6764d",mbconnectline.com,project host,binary archive,"sha256:09a35ac2f7f9ca156c3a2ab2466c029976535390099101632e904a7ca3f6764d, sha256:4a1a783a11c1a2a9d5915717b16ebb5012c685f4457a08246666d7d2f7dcb238, md5:f691c8f16e290f829710ff0a18ff2532"
MeDoc,MeDoc updates distributed NotPetya ransomware.,,"The update mechanism for MeDoc, a popular Ukrainian accounting software, was compromised. Attackers used it to distribute the NotPetya malware, which initially masqueraded as ransomware but functioned primarily as a destructive wiper, causing global disruption.",2017-04-01,2017-06-27,Nation-state,application,,build server compromise,"Data destruction, Disruption, Espionage (initial backdoor)",false,distribution,"Ransomware (wiper), Data destruction, Denial of service",400000,"https://www.wired.com/story/notpetya-cyberattack-ukraine-russia-code-crashed-the-world/, https://www.us-cert.gov/ncas/alerts/TA17-181A, https://www.welivesecurity.com/2017/07/04/connection-telebots-past-attacks-current-medoc-situation/","Specific MeDoc update versions distributed on or around June 27, 2017",,"MeDoc software updates distributed via medoc.ua's update server (e.g., upd.me-doc.com.ua) around June 27, 2017.","https://www.welivesecurity.com/2017/06/30/telebots-back-supply-chain-attacks-against-ukraine/, https://www.microsoft.com/en-us/security/blog/2017/06/27/new-ransomware-old-techniques-petya-outbreak-originates-in-ukraine-spreads-globally/, https://www.virustotal.com/gui/file/027cc450ef5f8c5f653329641ec1fed91f694e0d229928963b30f6b0d7d3a745, https://www.virustotal.com/gui/file/13d5006285b3f9151e7e7f98e75a99534a831510f6e6d4f1a24713004f014906",medoc.ua,project host,binary archive,"sha256:027cc450ef5f8c5f653329641ec1fed91f694e0d229928963b30f6b0d7d3a745, sha256:13d5006285b3f9151e7e7f98e75a99534a831510f6e6d4f1a24713004f014906, md5:71b6a493388e7d0b40c83ce903bc6b04"
"MESA Imaging (Acquired by Heptagon, then ams OSRAM)",MESA Imaging camera software distributed Havex.,,"MESA Imaging, a Swiss developer of 3D Time-of-Flight (ToF) cameras and related software used in industrial applications, was another vendor whose website was compromised by the DragonFly group. Software installers for their camera products were trojanized with the Havex RAT, enabling espionage on systems using their specialized imaging equipment.",2013-01-01,2014-06-01,Nation-state,Application,C++,Website compromise,"Espionage, Data theft",false,distribution,"Backdoor, Data theft, Remote access",,"https://www.f-secure.com/documents/996508/1030745/Threat_Intelligence_Report_Havex_an_Energetic_Bear_Targets_ICS_SCADA.pdf, https://en.wikipedia.org/wiki/Havex, https://www.cisa.gov/news-events/ics-alerts/ics-alert-14-176-02a, https://web.archive.org/web/20190717022917/https://www.symantec.com/content/en/us/enterprise/media/security_response/whitepapers/dragonfly-threat-against-energy-sector-systems.pdf",Specific software installers available during the compromise period.,,"Trojanized MESA Imaging camera software installers (e.g., for SR4000 series cameras), downloaded from mesa-imaging.ch during 2013-2014.","https://www.f-secure.com/documents/996508/1030745/Threat_Intelligence_Report_Havex_an_Energetic_Bear_Targets_ICS_SCADA.pdf, https://web.archive.org/web/20190717022917/https://www.symantec.com/content/en/us/enterprise/media/security_response/whitepapers/dragonfly-threat-against-energy-sector-systems.pdf, https://www.cisa.gov/news-events/ics-alerts/ics-alert-14-176-02a, https://www.virustotal.com/gui/file/09a35ac2f7f9ca156c3a2ab2466c029976535390099101632e904a7ca3f6764d",mesa-imaging.ch,project host,binary archive,"sha256:09a35ac2f7f9ca156c3a2ab2466c029976535390099101632e904a7ca3f6764d, sha256:4a1a783a11c1a2a9d5915717b16ebb5012c685f4457a08246666d7d2f7dcb238, md5:f691c8f16e290f829710ff0a18ff2532"
NetSarang,NetSarang server tools shipped with ShadowPad backdoor.,,"Legitimate updates for NetSarang's popular server management software (Xmanager, Xshell, etc.) were compromised to include the ShadowPad backdoor. This allowed attackers to potentially control and exfiltrate data from infected systems in highly sensitive organizations worldwide. The backdoor was discovered after being active for a short period.",2017-07-18,2017-08-04,Nation-state,application,,Build system compromise,Espionage,false,CI/CD,Backdoor,10000,"https://securelist.com/shadowpad-in-corporate-networks/79953/, https://www.kaspersky.com/about/press-releases/2017_shadowpad-how-attackers-hide-backdoor-in-software-used-by-hundreds-of-large-companies-around-the-world, https://www.cyber.gc.ca/en/alerts/software-compromised-backdoor-trojan-0","Xmanager Enterprise 5.0 Build 1232, Xmanager 5.0 Build 1045, Xshell 5.0 Build 1322, Xftp 5.0 Build 1218, Xlpd 5.0 Build 1220",,"https://netsarang.com/downloads/Xmanager-enterprise-5.0-build-1232.exe, https://netsarang.com/downloads/Xmanager-5.0-build-1045.exe, https://netsarang.com/downloads/Xshell-5.0-build-1322.exe, https://netsarang.com/downloads/Xftp-5.0-build-1218.exe, https://netsarang.com/downloads/Xlpd-5.0-build-1220.exe","https://securelist.com/shadowpad-in-corporate-networks/79953/, https://www.virustotal.com/gui/file/db67eaef6a31d392a0240a92494c9058d864f3fc7be5b42767e5c978c690023c, https://github.com/malware-research/samples/tree/main/shadowpad",netsarang.com,project host,binary archive,"sha256:db67eaef6a31d392a0240a92494c9058d864f3fc7be5b42767e5c978c690023c, sha256:5554bf896a8f77a2f12df4af39e7baeebb411953d4158249b87688f9c8d35ba5, md5:97363d50a279492fda14cbab53429e75"
NoxPlayer,NoxPlayer updates distributed targeted malware.,,"BigNox, the company behind NoxPlayer (an Android emulator for PC/Mac), had its update mechanism compromised. Attackers delivered tailored malware payloads to specific users, primarily in Asian countries, without compromising the NoxPlayer software itself initially. The attackers gained access to BigNox's update infrastructure to deliver these malicious updates.",2020-09-01,2021-01-25,Nation-state,Application,C++,Update infrastructure compromise,"Espionage, Targeted surveillance",false,distribution,"Backdoor, Remote access, Spyware",5,"https://securelist.com/operation-noxplayer/100644/ # Original Kaspersky report (Link confirmed dead, needs alternative), https://www.eset.com/int/about/newsroom/press-releases/research/eset-discovers-operation-noxplayer-supply-chain-attack-infiltrates-gaming-community-in-asia/ # Original ESET press release (Link confirmed dead, needs alternative)","Not specific versions of NoxPlayer itself, but its update mechanism was used.",,"Malicious updates delivered via BigNox's update infrastructure (e.g., api.bignox.com, res06.bignox.com) to targeted users.","https://securelist.com/operation-noxplayer/100644/ # Original Securelist (Kaspersky) analysis (Link confirmed dead, needs alternative or removal), https://www.eset.com/int/about/newsroom/press-releases/research/eset-discovers-operation-noxplayer-supply-chain-attack-infiltrates-gaming-community-in-asia/ # Original ESET Press Release (Link confirmed dead, needs alternative or removal)",api.bignox.com,project host,binary archive,
Passwordstate,Passwordstate update pushed Moserpass credential stealer.,,"The update mechanism for the Passwordstate enterprise password manager was compromised by an unknown actor. For approximately 28 hours, the system distributed a malicious update containing the 'Moserpass' malware, designed to exfiltrate system information and stored Passwordstate credential data.",2021-04-20T20:33:00Z,2021-04-22T00:30:00Z,Unknown attacker,application,,Update mechanism compromise,"Credential theft, Data theft",false,distribution,"Credential theft, Data exfiltration",1000,"https://www.csis.dk/newsroom-blog-overview/2021/moserpass/ # CSIS Group analysis (Link confirmed dead, needs alternative), https://www.bleepingcomputer.com/news/security/passwordstate-password-manager-breached-via-supply-chain-attack/ # (Link confirmed dead, needs alternative), https://socprime.com/blog/passwordstate-supply-chain-attack-exposes-29k-companies-to-the-risk-of-compromise/ # (Link confirmed dead, needs alternative), https://www.clickstudios.com.au/passwordstate-supply-chain-attack-information.html # Original vendor advisory page (Link confirmed dead/server error, needs alternative)","Passwordstate In-Place Upgrades performed between Apr 20 20:33 UTC and Apr 22 00:30 UTC, 2021",,"https://passwordstate-18667.kxcdn.com/passwordstate/upgrades/Passwordstate_upgrade.zip, https://updates.clickstudios.com.au/passwordstate/upgrades/Passwordstate_upgrade.zip","https://www.virustotal.com/gui/file/502bf5e87e1809e6b2317888fab546aa1d22389922d83bb81a35b602ed12c23e, Original CSIS Group analysis (link dead): https://www.csis.dk/newsroom-blog-overview/2021/moserpass/, Original ESET IoC link (link dead): https://github.com/eset/malware-ioc/tree/master/moserpass",clickstudios.com.au,project host,binary archive,"sha256:502bf5e87e1809e6b2317888fab546aa1d22389922d83bb81a35b602ed12c23e, sha256:e5ca693512ae940f1058ef2ffb6a3cb560661a9e5b78e9fea7a25dee4c7f65a9, sha256:3559ef72396bc0bf5e8874cf5710a5aa0eef72c4b27af32e1f72ed5bacf9a271"
Picreel (via pop-up script),Picreel pop-up script delivered skimmer.,,"Picreel, a service providing conversion rate optimization tools like exit pop-ups, had its JavaScript code compromised. Attackers modified the script served to Picreel's clients, injecting a credit card skimmer that affected the websites of businesses using Picreel's services.",2019-01-01,2019-05-01,Cybercriminal gang,Script,JavaScript,Compromised third-party script,Financial gain,true,dependency,"Credential theft, Data theft",,"https://medium.com/sanguine-security-labs/popular-analytics-service-picreel-hacked-to-skim-credit-cards-f88b39905502 # Original Sanguine Labs (Sansec) analysis (Link confirmed dead, needs alternative), https://www.bleepingcomputer.com/news/security/picreel-conversion-platform-hacked-to-steal-credit-cards/ # BleepingComputer report (Link confirmed dead, needs alternative)",,,"Compromised JavaScript files served by Picreel to its clients via picreel.com, active around early 2019.","https://medium.com/sanguine-security-labs/popular-analytics-service-picreel-hacked-to-skim-credit-cards-f88b39905502 # Original Sanguine Labs (Sansec) analysis (Link confirmed dead, needs alternative or removal), https://www.bleepingcomputer.com/news/security/picreel-conversion-platform-hacked-to-steal-credit-cards/ # BleepingComputer report (Link confirmed dead, needs alternative or removal)",picreel.com,project host,source archive,
Solarwinds Orion,SolarWinds Orion updates delivered widespread backdoors.,,"Attackers compromised SolarWinds' software build system, inserting a backdoor (Sunburst) into legitimate updates for its Orion IT management platform. This allowed widespread espionage against government and enterprise networks. A secondary backdoor (Supernova) was also deployed.",2019-09-04,2020-12-14,Nation-state,application,C#,Build system compromise,"Espionage, Data theft",false,CI/CD,"Backdoor, Remote access, Data theft",18000,"https://www.cisa.gov/news-events/cybersecurity-advisories/aa20-352a, https://www.mandiant.com/resources/blog/sunburst-additional-technical-details, https://www.microsoft.com/en-us/security/blog/2020/12/18/analyzing-solorigate-the-compromised-dll-file-that-started-a-sophisticated-cyberattack/","Orion Platform 2019.4 HF5 (version 2019.4.5200.9083), Orion Platform 2020.2 RC1 (version 2020.2.100.12219), Orion Platform 2020.2 RC2 (version 2020.2.5200.12394), Orion Platform 2020.2 HF1 (version 2020.2.5300.12432)",a76fd16dd3bea01ef70c6a4bd693a8d7323c93ac,"https://downloads.solarwinds.com/solarwinds/v3/SolarWinds-Core-v2019.4.5200-Hotfix5.msp, https://customerportal.solarwinds.com/updates/Orion/2019.4/Hotfix/SolarWinds-Core-v2019.4.5200-Hotfix5.msp, https://downloads.solarwinds.com/solarwinds/v3/SolarWinds-Orion-NPM-2020.2.1-2020.2.100.12219-hotfix3.msp","https://github.com/mandiant/sunburst_countermeasures, https://www.virustotal.com/gui/file/32519b85c0b422e4656de6e6c41878e95fd95026267daab4215ee59c107d6c77, https://malware-research.org/solarwinds-sunburst-backdoor-forensic-analysis/, https://www.netresec.com/?page=Blog&month=2020-12&post=Reassembling-the-SolarWinds-Puzzle, See CISA (AA20-352A), Mandiant, and Microsoft references for full IoC lists, including C2 domains/IPs.",solarwinds.com,project host,binary archive,"sha256:32519b85c0b422e4656de6e6c41878e95fd95026267daab4215ee59c107d6c77, sha256:019085a76ba7126fff22770d71bd901c325fc68ac55aa743327984e89f4b0134, sha256:ce77d116a074dab7a22a0fd4f2c1ab475f16eec42e1ded3c0b0aa8211fe858d6, sha256:dab758bf98d9b36fa057a66cd0284737abf89857b73ca89280267ee7caf62f3b, md5:b91ce2fa41029f6955bff20079468448"
spam,spam PyPI package compromised via phishing.,,"Similar to the 'exotel' incident during the same phishing campaign (""JuiceLedger""), the maintainer account for a PyPI package named 'spam' was compromised. Malicious versions (2.0.2, 4.0.2) were uploaded, designed to download and execute infostealer malware upon installation.",2022-08-01,2022-08-31,Threat Actor,Library,Python,"Phishing, Stolen credentials","Credential theft, Data theft",false,distribution,"Infostealer, Credential theft",200000,"https://checkmarx.com/blog/first-known-phishing-attack-against-pypi-users/, https://www.sentinelone.com/labs/pypi-phishing-campaign-juiceledger-threat-actor-pivots-from-fake-apps-to-supply-chain-attacks/, https://www.itpro.com/security/phishing/368899/pypi-packages-succumb-to-mailchimp-phishing-scam","2.0.2, 4.0.2",,"https://pypi.org/project/spam/, pkg:pypi/spam@2.0.2, pkg:pypi/spam@4.0.2","https://checkmarx.com/blog/first-known-phishing-attack-against-pypi-users/, https://www.virustotal.com/gui/file/60434af3ebe924efabc96558e6c8d8176bf4eb06dd6cc47b4c491da9964be874",pypi.org,package host,source archive,sha256:60434af3ebe924efabc96558e6c8d8176bf4eb06dd6cc47b4c491da9964be874
VSDC Video Editor,VSDC download portal compromised,,The official website of VSDC Video Editor was compromised multiple times. Attackers replaced legitimate download links with trojanized versions containing banking malware. Original source articles detailing the specifics are no longer accessible.,2018-11-01,2019-07-31,Cybercriminal,Application,C++,Website compromise,Financial gain,false,distribution,Banking trojan,565000,,,,Trojanized VSDC Video Editor installers downloaded from videosoftdev.com during 2018-2019.,,videosoftdev.com,project host,binary archive,
VeraPort (WIZVERA),VeraPort plugin pushed malware South Korea.,,"VeraPort, an integrated installation program by WIZVERA, commonly used in South Korea for secure access to government and financial websites, was abused. Its browser plugin mechanism was compromised or leveraged to prompt users to install malware, sometimes signed with stolen digital certificates, effectively turning a trusted security tool into a malware distribution vector. One of the key English-language references detailing this attack is no longer accessible.",2020-11-01,2020-12-31,Cybercriminal gang,Application,Various,Compromised update/plugin mechanism,"Espionage, Data theft, Financial gain",false,distribution,"Backdoor, Credential theft, Malware deployment",,https://blog.alyac.co.kr/3547 (Korean - details VeraPort related malware distribution),Various versions active during the compromise period,,"VeraPort software from wizvera.com, whose plugin update mechanism was abused to distribute malware to users in South Korea during late 2020.",https://blog.alyac.co.kr/3547 (Korean - details VeraPort related malware distribution),wizvera.com,project host,binary archive,
ViPNet Client (InfoTeCS),ViPNet updates mimicked to deploy backdoor.,,"A sophisticated backdoor was distributed disguised as updates for ViPNet, a secure networking software suite by InfoTeCS used in Russia. Attackers crafted update archives that, when processed by the ViPNet update service component, would execute a malicious loader and deploy a versatile backdoor.",2025-04-01,2025-04-22,APT group,Application,C++,Compromised update package,Espionage,false,distribution,"Backdoor, Data theft, Remote access",,https://securelist.com/new-backdoor-mimics-security-software-update/116246/,ViPNet Client versions susceptible to this update package manipulation,,"Malicious LZH update archives for ViPNet software, designed to be processed by the ViPNet update service.","https://securelist.com/new-backdoor-mimics-security-software-update/116246/, %TEMP%\update_tmp*\update\msinfo32.exe, %PROGRAMFILES%\common files\infotecs\update_tmp\driv_*\*\msinfo32.exe, %PROGRAMFILESx86%\InfoTeCS\ViPNet Coordinator\ccc\update_tmp\DRIV_FSA\*\msinfo32.exe",N/A,,binary archive,"md5:018AD336474B9E54E1BD0E9528CA4DB5, md5:28AC759E6662A4B4BE3E5BA7CFB62204, md5:77DA0829858178CCFC2C0A5313E327C1, md5:A5B31B22E41100EB9D0B9A27B9B2D8EF, md5:E6DB606FA2B7E9D58340DF14F65664B8"
Volusion (via Google Cloud Storage script),Volusion e-commerce sites skimmed via script.,,"Over 29,500 e-commerce websites hosted on the Volusion platform were compromised when a malicious JavaScript file (volusion.js), hosted on a Google Cloud Storage bucket (storage.googleapis.com/volusionapi/resources/) used by Volusion, was modified. This script skimmed credit card information, exfiltrating it to gogogolo.com.",2019-10-07,2019-10-09,Cybercriminal gang,Script,JavaScript,Cloud storage compromise,Financial gain,true,distribution,"Credential theft, Data theft",29500,https://blog.trendmicro.com/trendlabs-security-intelligence/volusion-platform-compromised-by-magecart-attackers-to-skim-credit-card-details/,,,//storage.googleapis.com/volusionapi/resources/volusion.js,"https://blog.trendmicro.com/trendlabs-security-intelligence/volusion-platform-compromised-by-magecart-attackers-to-skim-credit-card-details/, hxxps://www[.]gogogolo[.]com/pixel/pixel.js # Skimmer exfiltration domain",storage.googleapis.com,CDN host,source archive,
X_TRADER,Trading Technologies X_TRADER software delivered backdoor.,,"A compromised installer for the retired X_TRADER financial software, available on Trading Technologies' official website and signed with their certificate, contained the VEILEDSIGNAL backdoor. It infected a 3CX employee, initiating a cascading supply chain attack, and reportedly impacted other energy and financial sector organizations.",2021-11-01,2022-07-26,Nation-state,application,,Website compromise,Financial gain,false,distribution,"Backdoor, Remote access",97,"https://cloud.google.com/blog/topics/threat-intelligence/3cx-software-supply-chain-compromise, https://www.securityweek.com/cascading-supply-chain-attack-3cx-hacked-after-employee-downloaded-trojanized-app/, https://www.cybersecuritydive.com/news/3cx-x-trader-symantec-supply-chain/648414/, https://www.zetter-zeroday.com/software-maker-3cx-was-compromised/","Specific X_TRADER installer versions available Nov 2021 - July 2022 (e.g., X_TRADER_r7.17.90p608.exe)",,"https://tradingtechnologies.com/x-trader/downloads/X_TRADER_r7.17.90p608.exe, https://www.tradingtechnologies.com/legacy-downloads/X_TRADER%20Pro%207.17.10.exe, https://downloads.tradingtechnologies.com/trading-software/x-trader/legacy/setup.exe",https://www.virustotal.com/gui/file/ef4ab22e565684424b4142b1294f1f4d,tradingtechnologies.com,project host,binary archive,"md5:ef4ab22e565684424b4142b1294f1f4d, sha256:88968c9f1de3c41c54a025a0f51a818c1a0b0c98e7affe0ea0aa0ad6e441fc46, sha256:8c9395a019def2cc80a0320a1285ccc4cb1cd73ecb89886a1c03da5aaf5db0a3"
